Rainfall,Sunshine,WindGustSpeed,Humidity3pm,Pressure3pm,Cloud9am,RainTomorrow
0.4,6.435656542468061,35.0,58.0,1016.7,7.0,0.0
7.2,5.22176470588235,50.0,62.0,1011.4,8.0,0.0
0.0,7.6,50.0,59.0,1021.2,1.0,0.0
0.0,1.9,43.0,53.0,1013.1,7.0,1.0
1.2,7.7,50.0,66.0,1015.4,5.0,0.0
0.0,12.5,33.0,22.0,1012.8,2.0,0.0
0.0,8.5,54.0,21.0,1007.0,7.0,1.0
2.6,0.7,35.0,85.0,1015.2,7.0,1.0
3.6,6.435656542468061,59.0,62.0,1019.4,5.2214767276990735,1.0
0.0,6.435656542468061,33.0,35.0,1026.9,6.2214285714285715,0.0
0.0,6.435656542468061,54.0,49.0,1010.3,6.487179487179487,0.0
8.2,4.8,44.0,82.0,1007.6,7.0,1.0
0.0,7.7,22.0,56.0,1014.7,8.0,0.0
2.2090090090090087,8.6,39.0,46.0,1018.7,4.349397590361446,1.0
10.6,8.9,59.0,62.0,1010.5,7.0,1.0
0.0,6.435656542468061,24.0,53.0,1016.0,6.408163265306122,0.0
0.0,6.791891891891893,31.0,46.0,1030.9,5.207207207207207,0.0
15.0,6.435656542468061,48.0,75.0,1015.2,5.2214767276990735,1.0
0.0,9.2,35.0,44.0,1007.9,6.0,1.0
0.0,6.397142857142856,35.0,30.0,1003.6,5.2214767276990735,1.0
0.4,7.8,19.0,63.0,1032.1,2.0,0.0
3.4,6.435656542468061,37.0,66.0,1011.8,5.2214767276990735,0.0
0.0,5.8,37.0,54.0,1017.1,4.349397590361446,0.0
0.2,3.9,39.0,68.0,1009.4,5.2214767276990735,1.0
1.4,6.3,41.0,69.0,1027.9,2.0,0.0
0.0,13.4,56.0,9.0,1014.6,2.0,0.0
2.4,8.4,57.0,43.0,1010.6,5.2214767276990735,1.0
0.6,5.0,26.0,56.49411764705882,1011.560465116279,5.350877192982456,0.0
0.0,11.6,46.0,24.0,1016.9,1.0,0.0
0.4,6.435656542468061,46.0,81.0,1014.1995561049907,5.2214767276990735,1.0
3.6,6.435656542468061,43.0,72.0,1019.4,7.0,1.0
0.0,6.435656542468061,31.0,16.0,1019.5,5.775510204081633,0.0
14.8,6.435656542468061,74.0,99.0,1010.1,5.2214767276990735,1.0
0.0,13.4,31.0,35.0,1010.1,0.0,0.0
31.6,0.0,56.0,96.0,1016.9,7.0,1.0
0.0,3.1,39.0,31.0,1011.8,7.0,1.0
2.0,2.0,72.0,65.0,1024.4,7.0,1.0
0.0,9.7,48.0,67.0,1017.6,1.0,1.0
0.0,11.1,33.0,31.0,1012.5,0.0,0.0
0.0,6.435656542468061,26.0,53.0,1015.1,5.2214767276990735,0.0
0.0,6.435656542468061,24.0,36.0,1014.1995561049907,5.2214767276990735,1.0
29.4,6.435656542468061,56.0,60.0,1001.3,8.0,1.0
0.2,1.9,57.0,98.0,1016.5,7.0,1.0
5.6,6.1,42.09185887792362,83.0,1018.3,5.0,1.0
0.8,6.435656542468061,31.0,92.0,1023.4,5.2214767276990735,1.0
0.0,6.435656542468061,19.0,78.0,1022.9,7.0,1.0
1.8,2.8,35.0,63.0,1005.0,7.0,1.0
3.2,6.435656542468061,35.0,96.0,1014.9,6.615384615384615,1.0
0.0,6.435656542468061,35.0,44.0,1002.5,2.0,1.0
0.0,5.8,54.0,41.0,999.1,6.0,1.0
2.4,8.9,56.0,76.0,1004.8,7.0,1.0
0.0,8.0,33.0,39.0,1029.5,1.0,0.0
0.0,6.435656542468061,50.0,85.0,1015.5,5.2214767276990735,1.0
0.0,10.6,35.0,44.0,1015.0,5.0,0.0
0.0,10.6,33.0,60.0,1011.2,1.0,0.0
0.0,10.3,37.0,58.0,1009.3,4.0,1.0
1.8,5.0,50.0,64.0,1021.3,5.2214767276990735,0.0
0.0,6.435656542468061,33.0,30.0,1014.1995561049907,5.2214767276990735,0.0
5.0,5.8,54.0,60.0,1014.0,6.0,1.0
19.8,6.2,57.0,82.0,1005.7,7.0,1.0
0.0,6.435656542468061,43.0,54.0,1014.5,5.2214767276990735,0.0
0.0,6.435656542468061,48.0,39.0,1005.6,2.0,1.0
0.0,2.9,33.0,79.0,1001.0,7.0,1.0
3.4,8.4,94.0,29.0,997.5,7.0,0.0
9.8,0.7,65.0,85.0,1008.8,7.0,1.0
1.8526315789473684,0.7,26.0,52.0,1018.0,5.76,1.0
0.2,6.583333333333333,39.0,24.0,1014.5,1.0,0.0
0.0,10.5,31.0,35.0,1017.6,1.0,0.0
1.0,3.9,61.0,70.0,1018.7,5.0,1.0
0.0,6.435656542468061,41.0,68.0,1017.5,8.0,0.0
39.8,2.7,42.09185887792362,89.0,1012.8,7.0,1.0
0.6,5.1,39.0,67.0,1019.1,8.0,0.0
15.2,6.435656542468061,65.0,99.0,1014.1995561049907,5.2214767276990735,1.0
0.0,12.6,35.0,25.0,1010.6,3.7142857142857144,0.0
0.0,6.435656542468061,22.0,60.0,1026.2,7.12987012987013,0.0
7.2,0.0,22.0,85.0,1016.6,8.0,0.0
0.0,3.3,24.0,54.0,1010.9,7.0,1.0
16.4,6.435656542468061,44.0,89.0,1024.7,5.2214767276990735,1.0
0.0,8.9,52.0,60.0,1015.9,6.0,1.0
0.2,6.435656542468061,28.0,83.0,1012.7,5.2214767276990735,1.0
0.0,12.3,61.0,26.0,1011.4,4.0,0.0
0.2,6.397142857142856,44.0,66.0,1005.5,5.2214767276990735,1.0
19.0,4.9,56.0,87.0,1009.1,6.0,1.0
0.0,6.435656542468061,41.0,71.25714285714285,1011.2,5.2214767276990735,1.0
0.0,7.2,37.0,64.0,1014.7,4.349397590361446,1.0
0.4,10.1,31.0,54.0,1028.8,1.0,0.0
0.0,6.435656542468061,35.0,63.0,1015.5,5.2214767276990735,1.0
5.6,6.435656542468061,35.0,71.0,1013.5,8.0,1.0
13.2,4.2,52.0,54.0,1030.1,7.0,1.0
0.2,6.435656542468061,57.0,98.0,1009.5,7.0,1.0
34.0,5.9,50.0,58.0,1006.6,7.0,1.0
9.6,8.3,28.0,48.0,1021.8,1.0,0.0
1.6,6.435656542468061,54.0,76.0,1003.4,7.0,1.0
0.0,9.2,17.0,46.0,1029.9,1.0,0.0
0.0,6.6,28.0,55.0,1024.9,3.0,0.0
0.0,6.435656542468061,41.0,15.0,1013.4,1.0,0.0
8.8,7.2,57.0,81.0,1008.7,3.0,1.0
37.2,1.7,30.0,73.0,998.7,8.0,1.0
0.0,11.4,54.0,27.0,1006.4,3.0,0.0
0.0,5.8,41.0,60.0,1009.8,6.0,1.0
11.0,6.435656542468061,49.39160839160839,74.58088235294117,1014.1995561049907,5.2214767276990735,1.0
2.0,0.0,41.0,92.0,1001.1,8.0,1.0
0.0,6.435656542468061,49.39160839160839,68.0,1014.1995561049907,5.2214767276990735,0.0
0.0,10.8,39.0,46.0,1011.0,1.0,0.0
1.4,6.435656542468061,54.0,76.0,1005.1,6.0,1.0
0.0,6.435656542468061,69.0,42.0,1010.7,5.2214767276990735,0.0
0.0,6.583333333333333,31.0,29.0,1018.6,0.0,0.0
0.0,6.435656542468061,33.0,38.0,1018.3,6.487179487179487,0.0
1.2,6.435656542468061,30.0,54.0,1031.6,5.2214767276990735,0.0
2.6,6.435656542468061,52.0,64.0,1025.8,5.2214767276990735,1.0
0.0,6.791891891891893,50.0,49.0,1013.6,5.207207207207207,1.0
2.2,6.435656542468061,15.0,79.0,1033.6,5.2214767276990735,1.0
3.0,8.6,43.0,57.0,1018.1,5.2214767276990735,0.0
0.0,12.9,48.0,19.0,1014.9,1.0,0.0
0.0,2.8,31.0,84.0,1016.4,7.0,1.0
0.6,6.435656542468061,26.0,90.0,1014.1995561049907,5.2214767276990735,1.0
0.0,6.435656542468061,28.0,52.0,1012.9,5.2214767276990735,1.0
0.0,6.435656542468061,26.0,55.0,1022.0,7.0,1.0
8.0,3.0,56.0,72.0,1011.3,5.2214767276990735,1.0
0.0,9.7,37.0,10.0,1009.6,3.0,0.0
0.0,8.6,74.0,31.0,1011.4,6.0,0.0
0.0,10.1,28.0,34.0,1008.2,6.5,1.0
17.2,5.988888888888888,37.0,66.0,1011.7,6.0,1.0
0.0,5.1,15.0,49.0,1017.8,6.0,0.0
8.2,6.435656542468061,65.0,58.0,1018.0,5.2214767276990735,1.0
6.4,6.397142857142856,61.0,84.0,1008.7,5.2214767276990735,1.0
0.0,2.5,30.0,44.0,1003.7,6.0,1.0
0.0,6.435656542468061,19.0,69.0,1011.3,5.2214767276990735,1.0
0.0,11.9,35.0,39.0,1014.8,1.0,0.0
0.0,8.1,43.0,59.0,1008.2,6.0,1.0
20.2,2.8,20.0,67.0,1022.1,6.0,0.0
0.0,10.6,50.0,21.0,1015.8,0.0,0.0
0.0,10.5,30.0,57.0,1008.6,1.0,0.0
1.0,0.6,39.0,74.0,1018.9,7.0,1.0
0.4,6.435656542468061,70.0,59.0,1009.9,5.2214767276990735,1.0
46.4,0.7,59.0,95.0,1014.5,7.0,1.0
0.0,10.5,28.0,68.0,1007.1,6.0,0.0
1.6,0.0,43.0,97.0,1010.9,8.0,1.0
1.2,0.0,15.0,81.0,1027.0,8.0,1.0
0.0,12.0,44.0,52.0,1005.9,1.0,0.0
0.0,6.435656542468061,30.0,21.0,1023.5,6.615384615384615,0.0
0.0,6.435656542468061,42.09185887792362,60.932038834951456,1014.1995561049907,0.0,0.0
0.0,6.435656542468061,41.0,78.0,1008.0,7.0,0.0
6.2,11.7,46.0,31.0,1018.8,7.0,0.0
0.0,12.4,33.0,57.0,1010.9,4.0,1.0
0.0,6.435656542468061,37.0,51.0,1024.7,5.2214767276990735,1.0
8.4,6.435656542468061,28.0,61.0,1014.1995561049907,5.2214767276990735,1.0
0.0,9.0,39.0,54.0,1013.3,4.349397590361446,0.0
0.0,6.435656542468061,41.0,98.0,1014.1995561049907,5.2214767276990735,1.0
0.6,0.0,48.0,68.0,1012.4,7.0,0.0
0.0,5.22176470588235,37.0,88.0,1021.8,8.0,1.0
0.4,6.435656542468061,35.0,29.0,1012.1,5.896551724137931,0.0
0.0,6.435656542468061,44.0,21.0,1014.1995561049907,5.2214767276990735,0.0
0.0,8.9,31.0,44.0,1019.6,5.2214767276990735,0.0
25.0,6.435656542468061,24.0,86.0,1011.3,5.2214767276990735,1.0
17.8,7.1,31.0,66.0,1008.1,7.0,1.0
0.0,4.7,41.801587301587304,63.0,1006.4,2.0,0.0
0.0,6.9,44.0,49.0,1036.7,4.986013986013986,0.0
27.2,2.3,46.0,63.0,1010.8,7.0,1.0
0.2,6.435656542468061,19.0,80.0,1014.4,3.0,1.0
0.0,6.435656542468061,42.09185887792362,51.0,1014.1995561049907,5.0,1.0
0.0,5.1394117647058835,61.0,46.0,1008.2,5.2214767276990735,1.0
0.0,6.0,69.0,58.0,1003.5,6.0,1.0
0.4,6.435656542468061,33.0,88.0,1017.2,5.2214767276990735,0.0
0.0,6.435656542468061,87.0,39.0,1008.7,2.0,0.0
0.0,6.2,30.0,67.0,1022.2,7.0,0.0
0.0,9.3,24.0,50.0,1010.3,7.0,1.0
0.0,13.8,35.0,66.0,1020.4,3.0,0.0
0.4,0.0,54.0,83.0,1013.4,8.0,1.0
0.0,10.6,42.09185887792362,67.8780487804878,1017.4,7.0,0.0
0.0,6.0,44.0,63.0,1013.8,1.0,1.0
1.0,6.435656542468061,61.0,25.0,1013.7,5.2214767276990735,0.0
0.0,1.0,35.0,28.0,1020.0,6.0,0.0
0.0,6.397142857142856,48.0,24.0,1012.0,5.2214767276990735,0.0
1.2,4.6,67.0,47.0,1013.0,7.0,1.0
0.0,10.0,33.0,52.0,1006.6,6.0,0.0
5.2,6.435656542468061,57.0,77.0,1008.5,8.0,1.0
5.744155844155845,6.435656542468061,46.89473684210526,81.0,1019.3,5.2214767276990735,1.0
21.4,6.435656542468061,26.0,97.0,1018.0,5.2214767276990735,1.0
1.6,7.6,74.0,47.0,1009.2,4.986013986013986,1.0
0.4,0.0,41.0,81.0,1011.0,8.0,1.0
1.8,6.0,19.0,55.0,1028.0,4.0,0.0
3.8,1.9,48.0,84.0,1008.5,8.0,1.0
0.6,6.435656542468061,91.0,78.0,1007.6,5.2214767276990735,1.0
0.0,6.435656542468061,30.0,53.0,1017.2,6.487179487179487,0.0
0.0,7.267796610169494,33.0,64.0,1013.8,4.813953488372093,0.0
0.0,9.9,26.0,39.0,1018.8,1.0,0.0
0.0,10.5,24.0,46.0,1011.1,3.0,0.0
0.0,6.435656542468061,65.0,82.0,1002.6,5.2214767276990735,1.0
0.0,6.435656542468061,85.0,99.0,1008.0,1.0,1.0
0.0,3.8,43.0,55.0,1006.9,6.0,1.0
0.0,6.435656542468061,63.0,75.0,1010.3,5.2214767276990735,1.0
0.0,5.2,31.0,25.0,1011.4,6.0,0.0
0.0,6.435656542468061,33.0,38.0,1020.1,5.2214767276990735,0.0
0.0,5.6,50.0,23.0,1017.1,2.0,0.0
0.0,9.8,43.0,54.0,1004.9,1.0,0.0
0.0,6.435656542468061,26.0,21.0,1010.4,7.12987012987013,0.0
0.0,3.1,52.0,24.0,998.4,8.0,0.0
0.0,10.1,48.0,51.0,1019.3,1.0,0.0
0.0,9.1,44.0,33.0,1019.2,1.0,1.0
8.8,5.0,54.0,89.0,997.9,5.2214767276990735,1.0
0.0,6.435656542468061,52.0,86.0,1019.4,8.0,1.0
2.2,4.9,57.0,67.0,1013.4,5.2214767276990735,1.0
3.4,6.435656542468061,15.0,72.0,1015.3,7.0,0.0
3.6,6.1,24.0,67.0,1025.6,3.0,0.0
0.6,7.0,70.0,61.0,1011.6,6.0,1.0
0.0,6.435656542468061,44.0,63.0,1028.8,5.0,1.0
0.0,8.2,37.0,63.0,1009.9,7.0,1.0
2.4,6.435656542468061,39.0,65.0,1011.7717391304344,8.0,0.0
0.2,13.0,46.0,37.0,1011.6,6.0,0.0
0.0,13.0,35.0,54.0,1008.3,1.0,0.0
10.6,8.494666666666669,59.0,60.0,1000.6,2.7522935779816513,0.0
3.6,6.435656542468061,20.0,100.0,1013.2,8.0,1.0
0.0,6.435656542468061,52.0,77.0,1010.1,5.2214767276990735,1.0
0.0,6.435656542468061,30.0,66.0,1013.5,5.2214767276990735,0.0
0.0,9.0,35.0,48.0,1021.0,8.0,0.0
0.0,9.1,22.0,68.0,1010.7,4.0,0.0
0.0,13.1,43.0,15.0,1019.5,1.0,0.0
0.0,1.3,33.0,84.0,1005.2,7.0,1.0
0.0,6.583333333333333,39.0,91.0,1007.0,8.0,1.0
0.0,7.5,39.0,44.0,1024.3,8.0,0.0
0.4,0.4,46.0,30.0,1016.3,7.0,1.0
0.0,6.435656542468061,41.0,39.0,1011.5,5.2214767276990735,0.0
18.8,6.435656542468061,43.0,80.0,1011.7717391304344,8.0,1.0
0.8,6.435656542468061,30.0,63.0,1015.1,6.408163265306122,1.0
0.0,6.435656542468061,35.0,69.0,1019.4,6.408163265306122,1.0
0.2,6.435656542468061,44.0,52.0,1014.1995561049907,5.2214767276990735,0.0
4.4,7.4,44.0,53.0,1022.8,5.350877192982456,0.0
0.0,6.435656542468061,42.09185887792362,61.0,1014.1995561049907,8.0,0.0
12.0,2.5,35.0,67.0,1013.0,7.0,1.0
3.8,1.2,28.0,64.0,1017.4,7.0,0.0
0.2,7.825961538461541,19.0,50.0,1027.4,3.7142857142857144,0.0
0.0,6.791891891891893,42.86861313868613,64.0,1013.8446043165467,5.207207207207207,1.0
0.0,11.1,41.0,65.0,1009.5,4.986013986013986,0.0
11.0,5.5,74.0,53.0,1001.7,8.0,1.0
4.2,6.435656542468061,41.0,100.0,1016.6,5.2214767276990735,1.0
0.0,11.2,39.0,9.0,1021.5,0.0,0.0
0.0,6.435656542468061,26.0,59.0,1014.1995561049907,5.2214767276990735,0.0
0.2,6.435656542468061,57.0,49.0,1013.6,5.896551724137931,1.0
12.4,0.1,48.0,96.0,1010.8,7.0,1.0
3.6,5.6,37.0,69.0,1002.5,5.0,0.0
0.0,2.3,65.0,27.0,1009.6,7.0,1.0
0.2,6.435656542468061,52.0,90.0,1014.1995561049907,5.2214767276990735,1.0
0.0,6.435656542468061,33.0,100.0,1006.8,1.0,0.0
9.6,1.3,72.0,71.0,990.8,8.0,1.0
3.4,5.5,35.0,65.0,1002.2,7.0,1.0
7.6,6.435656542468061,28.0,68.0,1023.1,5.2214767276990735,0.0
38.2,0.0,41.801587301587304,61.0,1019.8,8.0,1.0
0.0,6.435656542468061,42.09185887792362,59.0,1014.1995561049907,6.0,0.0
0.2,7.4,41.0,52.0,1016.6,6.0,0.0
0.0,6.435656542468061,50.0,70.0,1018.1,5.2214767276990735,0.0
10.2,2.9,63.0,82.0,1012.0,8.0,1.0
0.0,10.0,39.0,29.0,1020.6,1.0,0.0
0.0,6.7,50.0,54.0,1007.5,5.2214767276990735,1.0
1.2,8.5,42.09185887792362,79.0,1016.8,1.0,1.0
19.0,1.9,54.0,78.0,1002.7,8.0,1.0
4.519130434782608,5.988888888888888,39.0,67.0,1024.0,1.0,1.0
0.0,9.1,52.0,33.0,1026.9,0.0,0.0
0.0,6.435656542468061,72.0,51.064516129032256,1007.2,7.0,0.0
0.0,9.6,39.0,66.0,1014.1,4.986013986013986,1.0
0.6,6.435656542468061,43.0,80.0,1014.9,5.2214767276990735,1.0
1.6,0.2,39.0,64.0,1011.8,7.0,0.0
7.6,6.435656542468061,43.0,53.0,1010.7,8.0,0.0
0.2,6.0,57.0,59.0,1012.9,3.0,1.0
0.0,0.0,42.09185887792362,67.8780487804878,1017.5,8.0,1.0
4.6,8.5,48.0,38.0,1013.4,0.0,1.0
0.0,6.435656542468061,42.09185887792362,30.0,1014.1995561049907,4.832214765100671,0.0
2.8,9.8,74.0,42.0,1012.9,7.0,1.0
9.6,10.7,52.0,43.0,1012.3,4.0,0.0
0.0,6.435656542468061,56.0,59.0,1010.3,5.2214767276990735,1.0
0.0,6.435656542468061,28.0,63.0,1032.5,5.2214767276990735,0.0
0.0,5.2,39.0,63.0,1007.1,6.0,1.0
0.0,6.435656542468061,28.0,51.064516129032256,1010.4,0.0,0.0
0.0,8.8,37.0,49.0,1020.1,5.2214767276990735,0.0
37.8,4.1,35.0,80.0,1009.5,7.0,1.0
0.0,8.494666666666669,35.0,13.0,1015.9,0.0,0.0
0.0,3.8,39.0,72.0,1010.9,4.0,1.0
0.2,8.0,54.0,60.0,1017.8,4.0,0.0
0.0,12.2,31.0,20.0,1009.2,7.0,0.0
0.0,10.7,20.0,48.0,1009.2,1.0,0.0
0.0,6.435656542468061,26.0,24.0,1014.1995561049907,5.2214767276990735,1.0
0.6,6.435656542468061,39.0,78.0,1013.7,5.2214767276990735,1.0
0.0,8.8,65.0,70.0,1011.9,5.0,1.0
0.0,10.3,48.0,30.0,1015.9,2.7522935779816513,0.0
22.2,6.435656542468061,70.0,72.0,1007.3,5.2214767276990735,1.0
54.8,2.3,37.0,94.0,1005.5,7.0,1.0
0.0,6.435656542468061,48.0,58.0,1010.5,5.2214767276990735,1.0
0.6,3.4,56.0,47.0,1009.0,8.0,1.0
0.0,6.435656542468061,31.0,82.0,1008.7,6.487179487179487,0.0
0.2,10.5,26.0,46.0,1012.1,3.0,0.0
0.0,12.3,30.0,60.0,1008.4,1.0,0.0
0.0,6.435656542468061,50.0,62.0,998.9,6.487179487179487,1.0
27.0,4.2,50.0,85.0,1000.6,7.0,0.0
0.0,13.1,43.0,48.0,1013.4,1.0,0.0
0.2,6.435656542468061,28.0,43.0,1014.1995561049907,5.2214767276990735,0.0
0.0,6.435656542468061,39.0,42.0,1012.4,6.2214285714285715,0.0
87.4,0.0,48.0,77.0,1013.7,8.0,1.0
19.2,8.4,35.0,60.0,1013.3,6.0,0.0
0.0,3.5,43.0,56.0,1012.6,8.0,0.0
4.6,4.4,31.0,57.0,1027.8,8.0,1.0
0.0,6.435656542468061,44.0,47.0,1014.1995561049907,5.2214767276990735,1.0
0.0,12.2,41.0,12.0,1014.1,0.0,0.0
0.0,6.435656542468061,37.0,53.0,1020.2,5.2214767276990735,0.0
0.0,9.2,20.0,43.0,1026.0,1.0,0.0
2.2,6.435656542468061,24.0,57.0,1014.1995561049907,5.2214767276990735,1.0
0.0,2.0,33.0,44.0,1015.5,7.0,1.0
21.4,0.0,33.0,89.0,1012.4,8.0,1.0
0.0,7.8,41.0,50.0,1012.7,8.0,0.0
5.0,6.435656542468061,57.0,47.0,1011.5,5.775510204081633,0.0
0.0,10.4,33.0,53.0,1010.2,4.0,0.0
1.8,6.435656542468061,37.0,47.0,1014.1995561049907,5.2214767276990735,0.0
0.2,0.0,42.09185887792362,88.0,1007.5,8.0,1.0
7.0,6.435656542468061,61.0,97.0,1014.1995561049907,5.2214767276990735,1.0
1.2,6.435656542468061,35.0,37.0,1014.1995561049907,5.2214767276990735,0.0
54.0,1.0,43.0,89.0,1010.4,7.0,1.0
0.0,1.9,67.0,34.0,1009.6,5.350877192982456,0.0
0.0,2.0,31.0,47.0,1014.2,6.0,0.0
1.2,7.4,30.0,69.0,1012.5,7.0,1.0
0.0,6.435656542468061,54.0,34.0,1009.6,7.12987012987013,1.0
5.2,9.5,46.0,59.0,1018.7,2.0,1.0
0.0,6.435656542468061,46.0,7.0,1009.4,6.615384615384615,0.0
0.0,6.435656542468061,30.0,29.0,1013.0,5.2214767276990735,0.0
1.6,6.435656542468061,11.0,99.0,1020.5,5.2214767276990735,1.0
5.8,6.0,33.0,46.0,1001.7,7.0,1.0
0.0,5.5,42.09185887792362,82.0,1018.8,8.0,0.0
0.0,8.2,52.0,44.0,1011.5,5.0,0.0
0.0,12.7,44.0,36.0,1014.5,4.349397590361446,0.0
0.0,6.435656542468061,42.09185887792362,36.0,1014.1995561049907,1.0,0.0
0.0,3.4,59.0,51.0,1003.0,7.0,1.0
0.0,7.153254437869823,33.0,56.0,1028.8,2.0,0.0
0.0,6.435656542468061,24.0,73.0,1025.2,5.2214767276990735,1.0
0.0,7.7,28.0,66.0,1025.2,3.0,1.0
0.0,10.5,31.0,55.0,1010.4,0.0,0.0
0.0,11.2,31.0,23.0,1020.5,1.0,0.0
0.0,9.8,26.0,54.0,1014.3,2.0,0.0
0.0,6.7,52.0,36.0,1026.5,7.0,0.0
0.0,6.435656542468061,35.0,34.0,1023.9,5.2214767276990735,0.0
0.4,6.435656542468061,61.0,93.0,1015.6,8.0,0.0
0.0,6.435656542468061,30.0,30.0,1019.4,7.12987012987013,0.0
0.4,0.4,31.0,83.0,1020.1,8.0,1.0
0.0,6.435656542468061,33.0,50.0,1022.9,6.0,1.0
0.0,11.1,33.0,27.0,1018.0,3.0,0.0
0.4,1.1,39.0,47.0,1008.8,7.0,0.0
0.2,6.435656542468061,48.0,72.0,1014.1995561049907,5.2214767276990735,0.0
2.8,6.034265734265733,50.0,76.0,1019.3,8.0,1.0
1.4,6.435656542468061,41.0,94.0,1028.1,5.2214767276990735,1.0
0.0,11.0,35.0,68.0,1009.8,3.0,1.0
0.0,6.397142857142856,37.0,51.0,1015.4,5.2214767276990735,0.0
2.2,6.435656542468061,31.0,91.0,1004.2,8.0,1.0
7.8,6.435656542468061,48.0,56.0,1022.1,5.2214767276990735,0.0
1.2,6.9,50.0,59.0,1016.5,7.0,1.0
13.4,10.7,42.09185887792362,79.0,1013.8,1.0,0.0
1.0,0.7,43.0,80.0,1016.1,8.0,1.0
20.6,5.3,44.0,56.0,1004.0,6.0,1.0
84.0,3.9,41.0,76.0,1011.5,7.0,1.0
0.0,6.397142857142856,39.363013698630134,22.0,1008.0,5.2214767276990735,0.0
14.8,6.435656542468061,70.0,99.0,1014.1995561049907,5.2214767276990735,1.0
0.2,6.435656542468061,50.0,93.0,1010.5,8.0,1.0
0.2,6.435656542468061,22.0,70.0,1023.0,7.12987012987013,0.0
2.2,6.516304347826088,54.0,71.0,1021.7,3.0,1.0
0.0,6.435656542468061,15.0,63.0,1011.7717391304344,6.487179487179487,0.0
0.4,0.0,31.0,89.0,1019.3,8.0,1.0
0.0,6.435656542468061,42.09185887792362,58.0,1014.1995561049907,4.0,1.0
1.4,3.6,65.0,83.0,1017.8,7.0,1.0
0.6,7.804854368932038,37.0,82.0,1008.1,4.0,1.0
6.4,0.0,24.0,80.0,1028.1,7.0,1.0
0.0,6.791891891891893,42.86861313868613,34.0,1013.8446043165467,5.207207207207207,0.0
1.6,2.9,42.09185887792362,58.0,1031.5,7.0,0.0
0.0,6.7,63.0,18.0,1008.3,7.0,1.0
65.8,6.435656542468061,52.0,84.0,1021.0,5.2214767276990735,1.0
1.4,6.435656542468061,61.0,68.0,1014.1995561049907,5.2214767276990735,0.0
0.0,6.435656542468061,42.09185887792362,73.0,1014.1995561049907,7.0,0.0
0.0,6.435656542468061,43.0,78.0,1016.7,5.2214767276990735,0.0
1.8,12.7,43.0,31.0,1016.0,5.0,0.0
0.0,5.22176470588235,33.0,56.0,1014.4,6.5,0.0
0.0,2.7,39.0,53.0,1019.9,7.0,1.0
0.0,6.435656542468061,41.0,71.0,1013.9,5.2214767276990735,1.0
0.0,6.435656542468061,24.0,71.0,1029.2,5.2214767276990735,0.0
21.4,5.844871794871797,61.0,94.0,1007.5,8.0,1.0
13.2,6.435656542468061,17.0,98.0,1006.2,8.0,1.0
4.519130434782608,5.988888888888888,61.0,64.0,1012.8,8.0,1.0
4.8,9.3,42.09185887792362,70.0,1021.5,6.0,1.0
0.0,7.6,46.0,60.0,1015.4,4.0,0.0
0.0,11.2,41.0,57.0,1009.2,6.0,0.0
0.0,5.1394117647058835,85.0,49.0,1002.4,5.2214767276990735,1.0
5.024137931034485,5.844871794871797,31.0,43.0,1016.1,8.0,0.0
0.6,6.791891891891893,56.0,39.0,1012.2,7.0,1.0
0.0,6.435656542468061,26.0,54.0,1015.9,5.2214767276990735,0.0
0.0,6.435656542468061,17.0,75.0,1012.7,5.2214767276990735,1.0
0.0,9.2,39.0,56.0,1023.3,8.0,0.0
6.8,7.804854368932038,39.0,39.0,1016.9,3.9747899159663866,0.0
0.0,6.6,31.0,62.0,1022.1,8.0,0.0
0.0,6.435656542468061,19.0,63.0,1019.4,8.0,0.0
16.2,7.7,43.0,47.0,1012.0,5.0,1.0
0.0,3.5,43.0,46.0,1013.8,7.0,0.0
0.0,6.435656542468061,26.0,51.0,1017.9,5.2214767276990735,0.0
1.8526315789473684,4.2,37.0,65.0,1026.7,5.76,1.0
18.4,6.435656542468061,44.0,73.0,1025.7,5.896551724137931,1.0
0.0,10.5,41.0,27.0,1018.8,1.0,0.0
0.0,0.8,20.0,67.0,1016.1,7.0,1.0
0.0,10.0,48.0,43.0,1013.6,1.0,1.0
0.0,6.3,28.0,64.0,1019.6,4.349397590361446,0.0
0.0,8.2,50.0,71.0,1022.1,2.0,1.0
0.0,0.0,44.0,41.0,1008.6,8.0,1.0
0.0,6.397142857142856,28.0,40.0,1012.4,5.2214767276990735,1.0
5.6,6.435656542468061,41.0,83.0,1014.1,5.2214767276990735,1.0
0.0,7.804854368932038,35.0,29.0,1009.9,3.9747899159663866,0.0
3.8,8.1,19.0,25.0,1017.3,3.9747899159663866,0.0
0.0,2.0,17.0,66.0,1023.2,5.2214767276990735,0.0
0.4,4.7,50.0,64.0,1010.7,4.986013986013986,0.0
0.0,6.435656542468061,46.0,50.0,1022.3,5.2214767276990735,0.0
0.0,6.397142857142856,26.0,52.0,1014.6,5.2214767276990735,0.0
13.8,8.1,33.0,100.0,1012.0,2.0,1.0
0.2,6.435656542468061,42.09185887792362,60.932038834951456,1014.1995561049907,4.832214765100671,1.0
0.0,6.435656542468061,43.0,21.0,1014.1995561049907,5.2214767276990735,0.0
0.8,0.0,41.801587301587304,74.0,1014.4,8.0,1.0
0.0,7.0,57.0,65.0,1010.9,7.0,1.0
0.0,12.4,48.0,2.0,1017.0,4.0,0.0
0.0,1.8,56.0,81.0,1013.8,7.0,1.0
2.0,0.1,26.0,88.0,1010.2,8.0,1.0
0.0,6.435656542468061,42.09185887792362,60.932038834951456,1014.1995561049907,4.0,0.0
0.2,8.9,31.0,55.0,1030.2,0.0,0.0
0.0,6.435656542468061,44.0,57.0,1020.4,5.2214767276990735,0.0
0.0,11.2,39.0,49.0,1017.5,1.0,0.0
0.0,6.435656542468061,39.0,71.0,1018.4,5.2214767276990735,1.0
0.0,0.3,78.0,51.0,1006.5,5.76,1.0
0.0,7.267796610169494,28.0,63.0,1011.1,3.0,0.0
2.2,3.2,31.0,61.0,1018.3,5.2214767276990735,0.0
0.6,6.435656542468061,30.0,61.0,1011.7717391304344,8.0,0.0
0.0,6.435656542468061,41.0,32.0,1014.1995561049907,5.2214767276990735,0.0
0.0,6.435656542468061,46.0,62.0,1007.4,5.2214767276990735,0.0
1.4,6.444594594594596,20.0,55.0,1024.1,5.3,0.0
0.0,6.435656542468061,22.0,13.0,1014.1995561049907,5.2214767276990735,0.0
1.8526315789473684,6.5,61.0,48.0,999.6,5.76,1.0
0.0,6.435656542468061,39.0,29.0,1010.3,5.2214767276990735,1.0
0.0,9.0,41.801587301587304,34.0,1007.3,2.0,0.0
2.2090090090090087,9.2,45.7787610619469,49.0,1015.8,4.349397590361446,1.0
0.0,8.597701149425287,24.0,19.0,1016.1,6.0,0.0
0.0,10.0,43.0,36.0,1025.5,1.0,0.0
0.0,6.039393939393942,42.09185887792362,67.8780487804878,1013.4,8.0,1.0
0.0,12.0,28.0,45.0,1013.7,5.0,0.0
16.6,6.435656542468061,65.0,66.0,1003.0,5.2214767276990735,1.0
0.6,6.435656542468061,48.0,49.0,1005.1,7.0,1.0
2.6,6.435656542468061,43.0,72.0,1031.4,5.2214767276990735,0.0
0.0,6.583333333333333,44.0,59.0,1012.6,6.0,0.0
0.0,2.5,33.0,38.0,1014.1,6.0,1.0
0.0,9.2,44.0,21.0,1010.9,2.0,1.0
5.0,6.435656542468061,42.09185887792362,72.0,1014.1995561049907,5.0,1.0
2.0,0.2,63.0,96.0,999.9,8.0,1.0
0.0,10.1,28.0,34.0,1008.7,6.0,0.0
0.0,0.0,41.0,52.0,1015.6,8.0,1.0
1.0,7.1,57.0,72.0,1012.6,5.2214767276990735,1.0
25.2,6.435656542468061,61.0,95.0,1003.1,8.0,1.0
0.0,6.791891891891893,30.0,51.0,1024.7,1.0,0.0
0.0,7.5,30.0,52.0,1008.1,7.0,1.0
0.0,6.435656542468061,33.0,59.0,1016.2,5.2214767276990735,0.0
0.0,9.9,26.0,63.0,1012.0,1.0,0.0
0.2,6.435656542468061,42.09185887792362,60.932038834951456,1014.1995561049907,7.0,0.0
0.0,6.435656542468061,39.0,28.0,1007.6,5.2214767276990735,0.0
0.0,6.435656542468061,56.0,54.0,1008.6,5.2214767276990735,1.0
16.4,6.4,41.801587301587304,62.0,1017.8,7.0,1.0
0.0,6.435656542468061,41.0,60.0,1013.0,5.2214767276990735,0.0
0.0,5.6,65.0,53.0,1020.2,7.0,0.0
5.6,8.6,33.0,42.0,1016.4,8.0,0.0
0.0,9.6,48.0,28.0,998.8,0.0,1.0
0.0,0.5,63.0,85.0,1008.1,7.0,1.0
0.0,6.435656542468061,42.09185887792362,92.0,1014.1995561049907,5.0,1.0
0.2,6.435656542468061,35.0,86.0,1021.6,2.0,0.0
0.4,5.7,42.09185887792362,39.0,1005.6,6.0,1.0
0.0,6.435656542468061,48.0,28.0,1026.1,6.615384615384615,0.0
1.8,6.435656542468061,46.0,56.0,1022.5,5.2214767276990735,0.0
0.0,6.435656542468061,48.0,21.0,1006.4,5.896551724137931,0.0
0.4,11.7,41.801587301587304,42.0,1014.4,1.0,0.0
0.0,6.435656542468061,33.0,21.0,1012.3,5.2214767276990735,0.0
0.0,6.435656542468061,24.0,70.0,1015.1,5.2214767276990735,0.0
0.0,5.0,39.0,65.0,1013.5,2.0,0.0
4.2,6.435656542468061,41.0,78.0,1014.7,5.2214767276990735,1.0
0.0,0.4,39.0,90.0,1012.2,7.0,1.0
1.0,6.435656542468061,26.0,66.0,1014.9,5.896551724137931,1.0
0.0,0.6,50.0,65.0,1011.7,7.0,1.0
0.8,8.1,39.0,54.0,1022.4,7.0,0.0
0.0,11.1,33.0,17.0,1018.3,0.0,0.0
0.0,6.9,46.0,66.0,1010.1,4.0,1.0
3.4,7.7,37.0,73.0,1027.3,5.0,1.0
44.0,6.435656542468061,111.0,89.0,1011.6,5.2214767276990735,1.0
0.0,6.435656542468061,46.0,90.0,1015.2,5.2214767276990735,1.0
3.2,8.4,54.0,70.0,1015.4,4.0,1.0
0.2,4.6,15.0,68.0,1028.9,8.0,0.0
4.6,6.435656542468061,48.0,87.0,1017.1,7.0,1.0
4.2,9.6,30.0,55.0,1021.4,5.0,0.0
0.0,6.435656542468061,46.0,53.0,1014.1995561049907,5.2214767276990735,1.0
0.2,6.435656542468061,57.0,57.0,1013.5,5.2214767276990735,0.0
0.0,6.435656542468061,42.09185887792362,60.932038834951456,1014.1995561049907,4.832214765100671,0.0
8.0,6.435656542468061,69.0,98.0,1014.1995561049907,5.2214767276990735,1.0
0.6,6.435656542468061,56.0,34.0,1010.1,6.408163265306122,0.0
0.0,9.5,20.0,42.0,1016.0,5.0,1.0
0.0,6.435656542468061,31.0,71.0,1028.1,5.896551724137931,1.0
0.2,1.0,30.0,79.0,1024.3,7.0,1.0
27.6,7.5,76.0,43.0,1006.1,6.0,1.0
0.0,2.1,35.0,54.0,1018.4,7.0,1.0
0.0,6.435656542468061,44.0,49.0,1027.6,5.2214767276990735,0.0
0.0,4.2,52.0,74.0,1010.6,5.2214767276990735,1.0
0.0,7.3,44.0,61.0,1021.2,7.0,1.0
0.0,6.435656542468061,26.0,63.0,1009.4,5.775510204081633,1.0
0.0,6.435656542468061,19.0,75.0,1011.7717391304344,6.487179487179487,1.0
0.0,9.1,76.0,29.628099173553718,1008.7,1.0,0.0
13.0,6.435656542468061,46.0,99.0,1010.4,8.0,1.0
13.0,6.435656542468061,52.0,97.0,1010.1,5.2214767276990735,1.0
0.0,6.435656542468061,26.0,70.0,1026.2,5.2214767276990735,0.0
4.2,2.0,65.0,83.0,1009.3,8.0,1.0
0.2,9.2,31.0,28.0,1017.8,5.2214767276990735,0.0
2.6,6.435656542468061,33.0,57.0,1019.7,7.0,0.0
3.8,5.9,106.0,69.0,1000.7,8.0,1.0
0.4,6.0,26.0,51.0,1025.8,8.0,0.0
13.2,6.435656542468061,50.0,43.0,1003.7,6.487179487179487,0.0
0.0,3.8,39.0,85.0,1017.0,5.0,1.0
1.6,10.6,37.0,39.0,1017.3,3.0,0.0
11.8,6.435656542468061,31.0,74.58088235294117,1014.1995561049907,5.2214767276990735,1.0
0.0,0.2,44.0,76.0,1009.4,5.2214767276990735,1.0
0.2,6.435656542468061,26.0,58.0,1011.7717391304344,6.0,1.0
0.0,8.9,44.28125,65.0,1016.0,2.0,0.0
0.8,2.5,61.0,68.0,995.0,5.0,1.0
0.0,9.6,39.0,61.0,1025.1,2.0,0.0
2.2,6.435656542468061,81.0,50.0,1013.4,5.2214767276990735,1.0
0.0,6.435656542468061,39.0,22.0,1021.3,5.2214767276990735,0.0
0.0,8.2,35.0,47.0,1023.8,5.0,0.0
6.0,9.2,39.0,52.0,1023.2,2.0,1.0
0.0,10.5,20.0,41.0,1021.1,1.0,0.0
0.0,8.6,41.0,47.0,1014.3,2.0,0.0
0.4,5.7,102.0,97.0,1010.3,7.0,1.0
0.0,11.3,39.363013698630134,42.0,1015.4,5.2214767276990735,0.0
0.0,6.435656542468061,20.0,40.0,1023.0,5.2214767276990735,0.0
3.2,6.435656542468061,59.0,51.0,1014.1995561049907,5.2214767276990735,0.0
0.2,8.2,42.09185887792362,61.0,1034.9,6.0,0.0
3.6,5.2,48.0,59.0,1002.8,7.0,1.0
0.0,10.1,39.0,35.0,1002.8,5.2214767276990735,1.0
0.0,6.9,31.0,88.0,1010.9,3.0,1.0
53.4,3.2,37.0,74.0,1013.7,8.0,1.0
0.0,3.3,24.0,41.0,1014.8,7.0,1.0
0.0,5.844871794871797,37.0,67.0,1021.7,5.444444444444445,0.0
9.0,0.6,35.0,87.0,1010.9,7.0,1.0
0.0,6.435656542468061,80.0,76.0,1009.2,7.0,1.0
0.0,5.22176470588235,54.0,74.0,1013.6,8.0,1.0
0.2,6.435656542468061,50.0,65.0,1022.8,5.2214767276990735,1.0
0.0,7.0,42.09185887792362,64.0,1015.4,7.0,1.0
0.6,5.1394117647058835,26.0,80.0,1018.1,5.2214767276990735,1.0
0.0,5.988888888888888,41.0,32.0,1013.8,5.3304347826086955,1.0
0.0,5.721176470588235,30.0,61.0,1020.0,5.5,0.0
1.0,6.039393939393942,42.09185887792362,67.8780487804878,1001.8,7.0,1.0
0.0,10.9,44.0,41.0,1012.9,3.0,1.0
0.0,13.2,61.0,42.0,1013.2,4.349397590361446,0.0
0.2,6.435656542468061,59.0,65.0,1024.1,5.2214767276990735,1.0
0.0,7.8,44.0,24.0,1001.5,2.0,0.0
0.0,10.9,37.0,9.0,1004.5,6.0,0.0
0.0,8.6,24.0,55.0,1014.0,2.0,0.0
0.0,10.5,33.0,64.0,1016.4,3.0,1.0
0.0,9.6,31.0,41.0,1018.5,0.0,0.0
3.6,6.435656542468061,22.0,43.0,1015.5,7.12987012987013,0.0
2.4,7.267796610169494,35.0,67.0,1006.8,3.0,1.0
0.2,5.988888888888888,31.0,55.0,1016.3,8.0,0.0
2.2,5.721176470588235,56.0,80.0,1012.6,8.0,0.0
18.8,0.0,33.0,88.0,1006.0,8.0,1.0
69.6,6.435656542468061,56.0,91.0,1011.1,5.896551724137931,1.0
5.4,6.435656542468061,39.0,72.0,1010.9,5.2214767276990735,1.0
0.2,4.1,33.0,67.0,1020.6,6.0,1.0
12.2,6.435656542468061,44.0,49.0,1016.1,8.0,0.0
0.0,0.9,35.0,80.0,1008.1,7.0,1.0
0.4,6.435656542468061,17.0,47.0,1019.0,5.896551724137931,0.0
0.0,5.721176470588235,39.774193548387096,51.0,1016.4743589743591,5.5,0.0
0.0,6.435656542468061,20.0,57.0,1015.1,7.12987012987013,0.0
0.0,8.5,46.0,55.0,1005.4,7.0,1.0
0.0,3.7,33.0,71.0,1004.6,3.0,1.0
0.0,10.7,44.0,47.0,1015.6,1.0,0.0
0.8,8.9,72.0,54.0,1002.0,5.0,1.0
0.0,6.9,26.0,41.0,1010.0,8.0,1.0
0.0,2.1,54.0,48.0,1017.3,7.0,1.0
13.6,6.0,70.0,84.0,1010.5,3.0,1.0
0.0,6.435656542468061,41.0,35.0,1017.6,5.775510204081633,0.0
0.0,6.435656542468061,39.0,28.0,1018.7,5.775510204081633,0.0
0.0,6.435656542468061,61.0,34.0,1006.0,7.0,0.0
72.2,2.0,48.0,78.0,1014.0,7.0,1.0
5.8,6.397142857142856,44.0,49.0,1011.9,5.2214767276990735,0.0
13.6,6.435656542468061,63.0,100.0,1009.8,5.2214767276990735,1.0
0.0,6.435656542468061,42.09185887792362,87.0,1014.1995561049907,3.0,1.0
3.2,6.435656542468061,80.0,80.0,1022.2,5.2214767276990735,1.0
0.6,7.6,57.0,52.0,1014.9,7.0,1.0
0.0,9.1,39.0,38.0,1019.6,1.0,0.0
0.2,5.844871794871797,31.0,69.0,1019.6,1.0,0.0
10.2,6.435656542468061,50.0,88.0,1014.1995561049907,5.2214767276990735,1.0
216.3,6.435656542468061,42.09185887792362,60.932038834951456,1014.1995561049907,8.0,1.0
0.0,1.9,48.0,44.0,1013.8,7.0,1.0
0.0,12.5,43.0,11.0,1010.5,0.0,0.0
0.0,6.791891891891893,42.86861313868613,58.0,1013.8446043165467,5.207207207207207,1.0
0.0,4.7,54.0,57.0,1016.0,7.0,1.0
0.0,6.583333333333333,39.0,25.0,1008.5,7.0,1.0
0.0,6.435656542468061,46.0,15.0,1014.1995561049907,5.2214767276990735,0.0
0.0,6.435656542468061,17.0,51.0,1020.7,5.2214767276990735,0.0
0.0,5.988888888888888,48.0,29.0,1015.6,6.0,0.0
0.0,0.0,31.0,59.0,1010.7,8.0,1.0
22.8,6.435656542468061,46.0,92.0,1010.1,5.2214767276990735,1.0
0.4,8.0,59.0,72.0,1005.9,8.0,1.0
0.8,6.435656542468061,30.0,90.0,1009.5,8.0,1.0
0.0,0.1,39.0,52.0,1020.6,5.2214767276990735,0.0
3.6,6.397142857142856,46.0,72.0,1015.4,5.2214767276990735,1.0
10.8,6.435656542468061,24.0,75.0,1031.7,5.2214767276990735,1.0
0.0,12.7,48.0,9.0,1011.9,0.0,0.0
0.0,6.435656542468061,30.0,47.0,1016.1,5.896551724137931,0.0
0.0,12.0,31.0,23.0,1020.0,6.0,0.0
3.0,5.9,28.0,60.0,1018.6,5.0,1.0
0.0,6.791891891891893,50.0,37.0,1007.4,2.0,1.0
0.2,1.3,20.0,52.0,1027.8,7.0,0.0
0.0,8.7,48.0,44.0,1021.7,7.0,0.0
8.6,2.3,52.0,95.0,1016.5,7.0,1.0
4.6,8.6,37.0,61.0,1006.3,7.0,1.0
5.2,6.791891891891893,61.0,45.0,1008.9,5.207207207207207,1.0
15.4,0.0,61.0,89.0,1008.3,7.0,1.0
0.0,6.435656542468061,26.0,63.0,1012.5,5.2214767276990735,0.0
5.6,6.4,50.0,63.0,1016.9,7.0,1.0
11.2,5.1,46.0,82.0,1014.5,6.0,1.0
1.0,7.4,50.0,67.0,1019.0,5.2214767276990735,1.0
2.0,6.6,35.0,51.0,1024.1,7.0,0.0
0.0,5.6,22.0,66.0,1022.1,7.0,0.0
0.0,6.435656542468061,31.0,85.0,1007.2,6.408163265306122,0.0
0.0,4.3,54.0,57.0,1016.1,6.0,1.0
0.0,6.435656542468061,35.0,33.0,1026.8,6.487179487179487,0.0
6.8,2.7,44.0,75.0,1007.8,7.0,1.0
0.4,0.3,46.0,66.0,1024.7,7.0,1.0
6.8,6.435656542468061,35.0,87.0,1015.2,8.0,0.0
0.4,5.4,20.0,78.0,1014.6,5.2214767276990735,0.0
0.0,6.435656542468061,43.0,22.0,1016.1,7.0,0.0
0.0,1.4,35.0,48.0,1015.9,5.2214767276990735,1.0
0.6,1.3,43.0,76.0,1014.8,8.0,1.0
19.6,6.435656542468061,67.0,50.0,1010.6,5.2214767276990735,1.0
0.2,6.435656542468061,46.0,45.0,1017.2,8.0,0.0
0.0,4.4,37.576,53.0,1022.2,1.0,0.0
0.0,8.8,33.0,51.0,1014.6,6.0,0.0
0.2,6.039393939393942,42.09185887792362,67.8780487804878,1010.1,7.0,0.0
0.0,6.435656542468061,24.0,56.0,1019.7,5.2214767276990735,0.0
0.0,8.494666666666669,43.0,17.0,1007.2,0.0,0.0
0.0,6.435656542468061,24.0,54.0,1018.6,6.487179487179487,0.0
0.0,0.7,13.0,84.0,1026.2,7.0,0.0
0.6,6.435656542468061,56.0,30.0,1014.0,5.2214767276990735,1.0
0.0,9.4,46.0,42.0,1015.2,1.0,0.0
0.0,6.583333333333333,22.0,32.0,1019.1,6.0,0.0
23.4,0.0,54.0,88.0,1018.6,8.0,1.0
0.0,4.7,65.0,16.0,1019.1,4.0,1.0
0.2,10.3,33.0,65.0,1022.0,1.0,0.0
0.0,0.1,67.0,78.0,1014.8,7.0,1.0
0.6,8.1,44.0,60.0,1011.4,6.0,1.0
5.2,6.034265734265733,46.0,78.0,1024.1,8.0,0.0
0.0,13.7,37.0,29.0,1015.0,5.76,0.0
0.2,6.435656542468061,35.0,29.0,1016.5,6.0,1.0
0.0,6.435656542468061,28.0,30.0,1018.4,7.12987012987013,1.0
0.0,13.6,26.0,18.0,1011.8,0.0,0.0
0.0,6.435656542468061,35.0,34.0,1015.7,5.775510204081633,0.0
0.0,4.0,43.0,59.0,1007.0,7.0,1.0
8.2,7.4,42.09185887792362,65.0,1025.5,5.0,1.0
0.0,6.435656542468061,37.0,76.0,1003.6,8.0,1.0
13.0,6.2,61.0,77.0,1008.4,5.2214767276990735,1.0
0.0,11.6,41.0,29.0,1012.5,3.0,0.0
0.0,5.4,48.0,24.0,1006.3,4.0,0.0
3.0,6.2,30.0,71.0,1003.0,7.0,1.0
0.0,7.7,43.0,54.0,1020.1,7.0,0.0
0.0,0.0,30.0,67.0,1016.1,8.0,0.0
0.0,1.6,44.0,72.0,1021.5,5.2214767276990735,1.0
3.0,10.2,31.0,47.0,1021.0,3.0,0.0
13.2,6.435656542468061,48.0,69.0,1014.1995561049907,5.2214767276990735,0.0
0.6,1.2,33.0,73.0,1026.6,7.0,1.0
0.0,6.435656542468061,41.0,51.0,1020.5,6.408163265306122,0.0
0.0,6.435656542468061,26.0,13.0,1014.1995561049907,5.2214767276990735,0.0
0.0,6.435656542468061,48.0,60.0,1010.0,5.2214767276990735,1.0
0.0,10.5,30.0,24.0,1024.8,0.0,0.0
33.0,6.435656542468061,54.0,53.0,1007.9,1.0,1.0
0.0,10.7,39.0,52.0,1015.3,2.0,0.0
0.2,6.435656542468061,56.0,47.0,1014.3,5.775510204081633,1.0
0.0,0.7,50.0,74.0,1014.6,5.2214767276990735,1.0
4.0,6.435656542468061,61.0,93.0,1020.8,6.0,1.0
0.0,6.435656542468061,52.0,86.0,1012.4,6.487179487179487,1.0
0.0,8.4,69.0,27.0,1008.0,6.0,0.0
2.0,6.435656542468061,48.0,85.0,1011.8,8.0,1.0
65.2,6.791891891891893,44.0,57.0,1002.0,8.0,0.0
0.0,6.435656542468061,37.0,23.0,1014.6,1.0,0.0
0.0,9.4,33.0,39.0,1021.5,4.0,0.0
0.0,3.9,28.0,62.0,1018.0,7.0,1.0
0.4,5.0,50.0,62.0,1014.1,8.0,0.0
0.0,10.0,59.0,50.0,1014.5,1.0,0.0
0.8,0.0,31.0,100.0,1019.8,7.0,1.0
1.0,5.6,74.0,60.0,1014.6,6.0,1.0
0.0,8.2,46.0,62.0,1011.6,7.0,1.0
0.0,0.0,37.0,66.96067415730337,1005.1,5.2214767276990735,1.0
0.0,12.0,39.0,35.0,1014.2,5.0,0.0
0.2,6.435656542468061,54.0,100.0,1015.0,8.0,1.0
0.0,6.516304347826088,26.0,34.0,1008.0,4.0,0.0
0.0,6.435656542468061,37.0,90.0,1018.9,7.12987012987013,1.0
8.7,5.988888888888888,57.0,62.0,1016.1,5.0,1.0
0.0,9.9,26.0,29.0,1016.1,0.0,0.0
0.0,4.7,57.0,46.0,1010.8,3.0,1.0
0.2,6.435656542468061,39.0,73.0,1015.7,5.2214767276990735,1.0
0.0,6.435656542468061,15.0,63.0,1023.0,7.0,0.0
4.6,4.7,41.0,79.0,1014.8,7.0,1.0
0.8,3.4,15.0,55.0,1021.9,5.2214767276990735,0.0
0.0,6.435656542468061,54.0,98.0,1014.1995561049907,5.2214767276990735,1.0
1.4,7.804854368932038,96.0,86.0,1001.5,7.0,1.0
2.8,6.435656542468061,67.0,66.0,1016.2,5.2214767276990735,0.0
0.0,11.4,37.0,11.0,1024.6,0.0,0.0
0.0,6.583333333333333,39.0,16.0,1015.9,3.0,0.0
9.8,6.435656542468061,22.0,86.0,1011.7717391304344,7.0,0.0
36.0,0.0,35.0,95.0,1014.6,8.0,1.0
1.2,6.435656542468061,26.0,73.0,1016.1,5.2214767276990735,1.0
0.2,6.435656542468061,30.0,49.0,1025.0,5.2214767276990735,0.0
8.4,4.0,42.09185887792362,85.0,991.6,8.0,1.0
0.0,6.435656542468061,37.0,39.0,1014.1995561049907,5.2214767276990735,0.0
1.4,6.435656542468061,39.0,72.0,1016.8,7.0,1.0
23.2,6.435656542468061,57.0,95.0,1001.4,7.0,1.0
2.2,6.435656542468061,33.0,99.0,1015.6,5.2214767276990735,1.0
0.0,6.435656542468061,35.0,60.0,1014.4,5.2214767276990735,1.0
0.0,6.435656542468061,35.0,83.0,1018.1,8.0,0.0
0.0,6.583333333333333,43.0,19.0,1015.7,6.0,0.0
10.4,0.3,67.0,72.0,1023.1,7.0,1.0
0.0,0.0,50.0,94.0,1016.0,7.0,1.0
0.4,6.435656542468061,30.0,57.0,1014.1995561049907,5.2214767276990735,0.0
0.0,13.2,54.0,21.0,1024.6,0.0,0.0
0.0,5.22176470588235,46.0,86.0,1012.0,8.0,1.0
3.2,11.1,22.0,34.0,1016.2,0.0,0.0
12.4,7.3,44.0,68.0,1010.9,7.0,0.0
0.0,6.435656542468061,35.0,34.0,1020.0,5.2214767276990735,0.0
13.8,6.435656542468061,48.0,63.0,1008.6,5.2214767276990735,1.0
0.0,6.435656542468061,42.09185887792362,60.932038834951456,1014.1995561049907,8.0,1.0
11.8,6.034265734265733,37.0,52.0,1011.9,4.0,0.0
0.0,9.8,30.0,38.0,1009.8,7.0,0.0
7.8,6.435656542468061,63.0,74.0,1018.2,6.0,1.0
0.2,6.435656542468061,30.0,98.0,1014.1995561049907,5.2214767276990735,1.0
0.0,6.3,50.0,89.0,1015.4,4.0,1.0
0.0,11.6,31.0,43.0,1014.7,1.0,0.0
0.0,3.2,43.0,61.0,1022.3,6.5,1.0
0.0,6.4,30.0,93.0,1005.2,2.0,1.0
0.0,8.494666666666669,46.0,12.0,1022.5,2.7522935779816513,0.0
0.0,8.494666666666669,61.0,32.0,1008.2,2.0,0.0
47.0,6.435656542468061,46.0,49.0,1008.8,8.0,1.0
0.0,10.1,41.0,41.0,1006.8,1.0,0.0
0.0,6.034265734265733,54.0,48.0,1007.1,5.448717948717949,0.0
0.0,7.0,43.0,66.0,1013.7,6.0,0.0
0.0,10.4,30.0,39.0,1008.1,5.0,0.0
0.0,11.1,31.0,39.0,1011.8,1.0,0.0
0.6,7.7,52.0,70.0,1016.8,5.2214767276990735,1.0
0.0,8.4,52.0,43.0,1010.7,7.0,0.0
0.0,10.5,24.0,42.0,1013.3,2.0,0.0
4.8,6.435656542468061,61.0,85.0,1007.5,6.408163265306122,1.0
0.0,5.0,28.0,60.0,1016.6,4.0,0.0
9.2,0.1,17.0,74.0,1006.1,8.0,0.0
0.0,12.7,44.0,11.0,1009.5,0.0,0.0
7.4,11.8,43.0,22.0,1009.3,3.0,0.0
0.0,6.3,48.0,52.0,1015.9,7.0,1.0
2.2,6.435656542468061,72.0,69.0,1002.9,8.0,0.0
15.6,3.5,70.0,84.0,1016.5,7.0,1.0
0.0,6.5,37.0,39.0,1021.1,7.0,0.0
0.0,6.435656542468061,42.09185887792362,56.0,1014.1995561049907,6.0,0.0
1.0,3.7,26.0,92.0,1003.4,8.0,1.0
0.0,6.435656542468061,44.0,17.0,1006.1,7.12987012987013,0.0
5.4,5.3,39.0,86.0,1021.5,7.0,1.0
0.0,6.435656542468061,26.0,43.0,1015.3,7.12987012987013,1.0
0.2,6.435656542468061,70.0,90.0,1014.1995561049907,5.2214767276990735,0.0
0.0,7.267796610169494,31.0,83.0,1015.5,4.0,1.0
4.4,0.2,46.0,65.0,1011.0,7.0,1.0
1.6,8.8,35.0,44.0,1015.3,2.0,1.0
0.0,6.435656542468061,39.0,44.0,1012.6,7.12987012987013,1.0
0.0,6.435656542468061,42.09185887792362,55.0,1014.1995561049907,7.0,0.0
0.0,8.7,54.0,29.0,1005.9,3.0,1.0
0.6,1.5,31.0,55.0,1011.7,7.0,1.0
0.0,7.5,85.0,22.0,1003.4,7.0,0.0
3.8,6.435656542468061,41.0,99.0,1009.6,5.2214767276990735,1.0
25.4,7.4,69.0,58.0,1017.8,3.0,0.0
2.2,6.435656542468061,35.0,74.0,1027.9,5.2214767276990735,0.0
0.0,6.435656542468061,26.0,50.0,1015.3,7.12987012987013,0.0
24.6,0.3,41.0,94.0,1010.2,8.0,1.0
0.0,6.435656542468061,48.0,61.0,1014.4,5.2214767276990735,0.0
0.2,6.435656542468061,22.0,87.0,1023.0,8.0,1.0
0.0,10.9,46.0,51.0,1011.0,5.2214767276990735,0.0
8.0,6.435656542468061,28.0,51.064516129032256,1002.9,6.0,1.0
0.8,6.435656542468061,30.0,92.0,1011.0,5.2214767276990735,1.0
0.0,6.435656542468061,33.0,72.0,1020.6,5.2214767276990735,0.0
1.2,6.435656542468061,57.0,54.0,1020.0,5.2214767276990735,0.0
0.0,6.039393939393942,42.09185887792362,67.8780487804878,1010.4,3.0,1.0
0.0,6.034265734265733,17.0,94.0,1013.9,7.0,1.0
0.0,6.791891891891893,22.0,26.0,1025.4,5.207207207207207,0.0
0.8,5.0,33.0,64.0,1018.3,8.0,1.0
0.0,6.435656542468061,13.0,60.0,1019.7,7.12987012987013,0.0
0.6,2.8,28.0,76.0,1022.8,8.0,1.0
0.5,6.435656542468061,26.0,82.0,1011.7717391304344,8.0,1.0
0.2,6.1,72.0,77.0,1007.8,7.0,1.0
2.4,6.7,33.0,66.0,1021.7,8.0,1.0
5.6,6.435656542468061,54.0,78.0,1019.7,8.0,1.0
12.8,4.3,28.0,64.0,1018.0,7.0,1.0
0.0,6.435656542468061,48.0,99.0,1007.6,7.0,1.0
0.2,7.804854368932038,33.0,91.0,1012.1,8.0,1.0
1.8526315789473684,2.3,52.0,81.0,1011.5,5.76,1.0
18.0,4.3,50.0,66.0,1008.9,7.0,0.0
24.4,5.3,59.0,54.0,1014.1,7.0,1.0
0.0,6.435656542468061,43.0,71.0,1013.8,8.0,1.0
0.3,8.597701149425287,33.0,9.0,1013.5,3.5353535353535355,0.0
0.0,10.0,80.0,3.0,1002.9,7.0,0.0
0.6,3.9,19.0,78.0,1020.3,7.0,1.0
9.2,6.2,69.0,50.0,1005.0,4.0,1.0
2.8,6.435656542468061,26.0,75.0,1018.2,5.2214767276990735,1.0
2.6,6.435656542468061,35.0,53.0,1025.2,8.0,0.0
0.0,6.435656542468061,39.0,14.0,1018.4,5.775510204081633,0.0
0.0,8.2,52.0,20.0,1009.4,2.0,1.0
14.6,1.0,28.0,67.0,1001.8,7.0,1.0
0.0,6.435656542468061,22.0,37.0,1015.6,7.12987012987013,0.0
28.2,2.4,37.0,66.0,1009.7,8.0,1.0
0.0,10.9,28.0,70.0,1019.9,1.0,0.0
0.0,6.435656542468061,35.0,62.0,1010.9,5.2214767276990735,1.0
0.0,6.435656542468061,41.0,54.0,1008.7,5.2214767276990735,0.0
1.2,0.0,50.0,80.0,1019.9,7.0,1.0
0.0,0.2,19.0,94.0,1019.7,7.0,1.0
0.0,6.4,48.0,56.0,1011.2,8.0,1.0
0.0,6.435656542468061,37.0,73.0,1015.5,5.2214767276990735,0.0
0.0,10.3,35.0,37.0,1025.6,3.0,0.0
0.0,6.435656542468061,24.0,43.0,1010.6,7.12987012987013,0.0
0.0,6.397142857142856,26.0,14.0,1013.8,5.2214767276990735,0.0
1.4,3.0,43.0,85.0,1019.2,7.0,1.0
0.2,6.435656542468061,33.0,60.0,1023.3,5.2214767276990735,0.0
0.0,10.7,48.0,18.0,1012.4,3.0,0.0
23.6,6.435656542468061,26.0,86.0,1014.1995561049907,5.2214767276990735,1.0
0.0,6.435656542468061,102.0,59.0,1017.3,1.0,0.0
3.4,6.435656542468061,39.0,64.0,1027.9,5.2214767276990735,1.0
1.8526315789473684,6.5,26.0,51.0,1023.1,5.76,0.0
5.6,2.6,72.0,88.0,1009.9,6.0,1.0
8.2,5.8,54.0,77.0,1018.1,7.0,1.0
0.0,9.8,20.0,53.0,1018.8,1.0,0.0
39.8,6.435656542468061,54.0,94.0,1011.5,8.0,1.0
0.0,6.435656542468061,28.0,77.0,1011.5,5.2214767276990735,0.0
2.4,6.435656542468061,20.0,85.0,1022.3,6.0,1.0
0.0,10.6,24.0,39.0,1019.7,0.0,0.0
0.0,6.435656542468061,24.0,39.0,1023.1,5.2214767276990735,0.0
0.0,5.6,26.0,52.0,1014.0,7.0,0.0
0.6,8.7,35.0,59.0,1004.1,5.0,1.0
0.0,9.2,31.0,48.0,1007.1,5.0,1.0
27.2,7.804854368932038,39.0,94.0,1014.7,8.0,1.0
0.0,10.8,35.0,41.0,1016.0,5.0,1.0
1.0,9.9,52.0,45.0,1018.4,1.0,0.0
0.2,4.5,50.0,74.0,1013.4,5.0,1.0
6.6,6.435656542468061,46.89473684210526,59.0,1014.4,5.2214767276990735,0.0
0.0,7.2,43.0,68.0,1020.6,1.0,0.0
2.987903225806451,6.840740740740743,50.0,29.0,1009.6,8.0,1.0
0.0,6.435656542468061,52.0,85.0,1009.5,5.2214767276990735,0.0
3.0,8.9,44.0,50.0,1015.7,8.0,0.0
0.2,6.435656542468061,39.0,43.0,1018.6,5.2214767276990735,0.0
0.0,8.0,35.0,64.0,1013.5,2.0,1.0
0.0,10.5,33.0,54.0,1009.0,4.0,0.0
0.0,6.435656542468061,42.09185887792362,60.932038834951456,1014.1995561049907,8.0,1.0
0.0,6.435656542468061,43.0,35.0,1013.3,5.896551724137931,1.0
0.0,7.8,48.0,56.0,1006.1,7.0,0.0
0.0,6.435656542468061,81.0,17.0,1009.8,7.12987012987013,1.0
0.3,6.444594594594596,33.0,94.0,1027.4,8.0,1.0
0.0,6.435656542468061,33.0,92.0,1013.8,5.2214767276990735,1.0
0.0,6.435656542468061,31.0,43.0,1025.9,5.2214767276990735,0.0
0.0,12.2,52.0,30.0,1016.1,6.0,0.0
0.0,6.791891891891893,19.0,49.0,1021.4,5.207207207207207,0.0
0.0,2.1,41.0,69.0,1027.4,7.0,0.0
7.0,10.3,33.0,55.0,1023.3,5.0,0.0
0.1,5.721176470588235,44.0,78.0,1006.0,8.0,1.0
0.0,6.435656542468061,41.0,75.0,1014.1995561049907,5.2214767276990735,0.0
0.0,13.2,33.0,33.0,1016.9,1.0,0.0
15.2,9.9,24.0,37.0,1009.0,7.0,0.0
0.0,6.435656542468061,39.0,42.0,1018.4,7.12987012987013,0.0
0.0,8.1,35.0,44.0,1027.2,5.2214767276990735,0.0
13.2,0.9,31.0,90.0,1008.4,7.0,1.0
0.2,6.435656542468061,43.0,22.0,1014.1995561049907,5.2214767276990735,0.0
0.0,6.435656542468061,44.0,47.0,1013.5,5.2214767276990735,0.0
68.6,6.435656542468061,39.0,51.0,1014.4,5.2214767276990735,0.0
1.0,9.2,42.09185887792362,76.0,1019.1,7.0,0.0
0.6,6.435656542468061,43.0,63.0,1013.2,5.2214767276990735,1.0
13.2,3.8,54.0,70.0,1004.3,5.2214767276990735,1.0
2.4,8.3,52.0,53.0,1010.4,7.0,0.0
0.0,0.5,41.801587301587304,49.0,1019.4,8.0,0.0
41.4,6.435656542468061,63.0,91.0,1004.1,5.2214767276990735,1.0
4.4,6.5,30.0,50.0,1019.3,8.0,0.0
0.0,12.6,28.0,42.0,1018.9,3.0,0.0
8.0,4.0,41.0,61.0,1016.1,7.0,1.0
0.0,13.0,74.0,19.0,1010.3,1.0,0.0
0.2,6.8,28.0,65.0,1024.9,8.0,0.0
0.0,6.435656542468061,39.0,82.0,1015.5,5.2214767276990735,1.0
0.0,10.9,41.0,54.0,1014.6,4.0,0.0
15.4,4.3,65.0,74.0,1005.2,7.0,0.0
0.6,6.435656542468061,35.0,94.0,1036.3,5.896551724137931,1.0
1.8,10.5,48.0,49.0,1018.9,2.0,0.0
0.4,12.4,61.0,38.0,1009.4,5.350877192982456,0.0
1.0,7.4,69.0,36.0,996.2,5.350877192982456,0.0
0.6,3.9,63.0,34.0,1010.0,8.0,0.0
0.6,1.4,44.0,82.0,1008.5,7.0,1.0
0.0,11.2,26.0,22.0,1016.4,0.0,0.0
0.0,10.8,22.0,22.0,1014.3,1.0,0.0
0.0,6.435656542468061,48.0,38.0,1010.8,5.2214767276990735,0.0
6.8,5.8,83.0,69.0,1006.8,8.0,1.0
3.8,1.2,57.0,83.0,1001.8,7.0,1.0
0.0,8.0,59.0,25.0,1009.7,6.5,0.0
0.0,8.0,31.0,62.0,1008.6,6.0,1.0
1.6,1.0,26.0,95.0,1020.0,5.2214767276990735,0.0
0.0,3.2,30.0,48.0,1018.1,8.0,0.0
0.0,11.3,41.0,20.0,1012.4,1.0,0.0
3.2,6.435656542468061,65.0,62.0,999.2,7.12987012987013,1.0
0.0,6.435656542468061,69.0,78.0,1013.6,6.408163265306122,1.0
0.0,6.435656542468061,59.0,44.0,1004.2,5.2214767276990735,0.0
0.0,6.435656542468061,57.0,98.0,1014.1995561049907,5.2214767276990735,1.0
0.0,10.2,35.0,50.0,1010.1,1.0,0.0
0.0,9.9,63.0,37.0,1009.5,5.350877192982456,0.0
102.2,2.5,43.0,62.0,1008.6,8.0,1.0
1.4,6.3,33.0,66.0,1008.2,7.0,0.0
0.6,0.1,41.0,86.0,1004.7,7.0,1.0
27.6,6.397142857142856,31.0,90.0,1018.9,5.2214767276990735,1.0
2.6,1.6,46.0,98.0,1004.9,7.0,1.0
0.0,6.435656542468061,41.0,41.0,1011.7,2.0,0.0
0.0,11.1,48.12337662337662,27.0,1011.2,1.0,0.0
0.4,0.0,30.0,89.0,1008.2,8.0,1.0
9.2,9.7,35.0,57.0,1010.4,7.0,1.0
44.8,6.435656542468061,54.0,83.0,1002.9,8.0,1.0
0.0,6.435656542468061,31.0,73.0,1009.6,6.408163265306122,0.0
5.0,0.2,41.0,90.0,1014.8,8.0,1.0
0.4,6.435656542468061,20.0,31.0,1016.1,5.896551724137931,0.0
0.0,6.435656542468061,42.09185887792362,60.932038834951456,1014.1995561049907,4.0,0.0
0.0,6.435656542468061,11.0,68.0,1019.3,5.2214767276990735,0.0
4.0,0.2,33.0,82.0,1005.2,8.0,1.0
0.0,6.435656542468061,15.0,99.0,1018.4,5.2214767276990735,1.0
1.0,4.2,41.0,69.0,1024.1,8.0,1.0
0.4,6.397142857142856,39.0,93.0,1025.6,5.2214767276990735,1.0
0.0,1.0,50.0,18.0,1019.6,7.0,0.0
0.0,9.5,31.0,25.0,1021.3,0.0,0.0
2.0,6.435656542468061,31.0,80.0,1020.8,5.2214767276990735,1.0
0.0,7.0,46.0,51.0,1006.2,8.0,0.0
1.8,6.435656542468061,56.0,88.0,997.5,8.0,1.0
0.0,7.1,50.0,60.0,1002.9,8.0,0.0
0.0,7.6,30.0,60.0,1019.7,6.0,1.0
0.0,6.435656542468061,35.0,45.0,1018.3,5.2214767276990735,0.0
0.0,6.435656542468061,43.0,51.064516129032256,1011.0,1.0,0.0
74.6,0.9,70.0,77.0,1003.8,8.0,1.0
0.0,1.2,69.0,47.0,1017.4,7.0,0.0
0.0,2.2,39.0,92.0,1010.5,7.0,1.0
39.4,6.435656542468061,67.0,78.0,1017.6,5.2214767276990735,1.0
2.8,6.435656542468061,85.0,98.0,1003.5,8.0,1.0
0.0,5.1,43.0,37.0,1022.2,3.0,1.0
0.0,11.8,43.0,22.0,1003.8,4.0,0.0
0.0,11.3,26.0,29.0,1016.5,1.0,0.0
0.0,6.435656542468061,35.0,31.0,1010.8,0.0,0.0
0.8,0.4,87.0,88.0,998.8,8.0,1.0
7.0,6.435656542468061,46.0,67.0,1015.1,5.2214767276990735,1.0
0.0,10.5,42.09185887792362,77.0,1019.1,1.0,0.0
7.6,6.435656542468061,54.0,100.0,1014.1995561049907,5.2214767276990735,1.0
0.0,0.0,41.801587301587304,82.0,1027.7,4.986013986013986,1.0
0.0,9.5,46.0,51.0,1014.1,3.0,1.0
0.0,6.435656542468061,39.0,29.0,1018.9,7.12987012987013,0.0
0.0,6.435656542468061,42.09185887792362,32.0,1014.1995561049907,2.0,0.0
2.0,6.435656542468061,39.0,82.0,1014.1995561049907,5.2214767276990735,0.0
0.0,6.435656542468061,35.0,96.0,1014.1995561049907,5.2214767276990735,0.0
2.8,8.6,52.0,68.0,1014.9,5.0,1.0
0.0,5.2,26.0,37.0,1018.9,7.0,0.0
9.2,6.435656542468061,35.0,75.0,1029.1,8.0,1.0
0.0,12.5,22.0,61.0,1020.2,0.0,0.0
0.0,6.583333333333333,43.0,24.0,1018.0,3.0,0.0
0.0,7.5,39.0,43.0,1011.2,2.0,0.0
0.0,11.2,42.09185887792362,32.0,1010.8,0.0,0.0
0.0,10.9,39.0,56.0,1017.7,3.0,1.0
0.4,6.435656542468061,46.0,100.0,997.7,8.0,1.0
0.0,8.9,20.0,56.0,1017.4,5.0,0.0
47.2,5.7,78.0,84.0,1009.0,4.0,1.0
0.2,0.9,46.0,94.0,1021.6,5.2214767276990735,1.0
0.0,6.435656542468061,42.09185887792362,48.0,1014.1995561049907,8.0,1.0
3.2,6.435656542468061,65.0,66.0,1009.7,5.2214767276990735,1.0
0.0,5.9,17.0,79.0,1032.8,5.2214767276990735,0.0
48.2,6.435656542468061,39.0,74.0,1009.0,5.2214767276990735,1.0
0.0,13.2,39.0,39.0,1013.5,0.0,0.0
0.0,10.9,37.0,14.0,1002.4,5.0,1.0
0.0,6.435656542468061,37.0,72.0,1008.1,5.2214767276990735,1.0
0.0,6.1,52.0,48.0,1011.9,6.0,0.0
8.8,7.9,80.0,80.0,1001.3,5.2214767276990735,1.0
0.0,5.2,35.0,36.0,1023.7,5.2214767276990735,0.0
0.0,6.435656542468061,42.09185887792362,60.932038834951456,1014.1995561049907,4.0,0.0
0.0,6.435656542468061,42.09185887792362,56.0,1014.1995561049907,7.0,0.0
30.0,5.721176470588235,31.0,93.0,1012.1,8.0,1.0
6.0,9.8,19.0,57.0,1011.7,1.0,1.0
0.0,6.435656542468061,39.0,38.0,1016.1,5.2214767276990735,0.0
109.6,1.0,28.0,95.0,1006.8,8.0,1.0
0.2,6.435656542468061,35.0,61.0,1021.6,6.408163265306122,0.0
0.0,6.435656542468061,74.0,45.0,1014.1995561049907,5.2214767276990735,1.0
0.0,9.2,39.0,56.0,1024.2,3.0,1.0
16.2,3.1,59.0,69.0,1009.0,7.0,1.0
1.4,6.435656542468061,41.0,70.0,1011.7717391304344,8.0,1.0
0.0,6.435656542468061,30.0,49.0,1014.4,6.487179487179487,1.0
0.2,6.435656542468061,42.09185887792362,60.932038834951456,1014.1995561049907,5.0,0.0
12.2,6.435656542468061,46.0,100.0,1016.5,5.2214767276990735,1.0
0.4,6.039393939393942,42.09185887792362,67.8780487804878,1024.6,6.0,1.0
0.0,9.7,28.0,53.0,1007.7,2.0,0.0
3.6,5.22176470588235,43.0,68.0,1014.7,8.0,1.0
0.0,9.4,33.0,55.0,1018.8,8.0,0.0
0.0,6.435656542468061,28.0,56.0,1026.3,8.0,1.0
0.0,9.6,35.0,59.0,1010.6,1.0,0.0
22.2,6.435656542468061,30.0,72.0,1015.5,5.2214767276990735,0.0
10.4,2.7,52.0,69.0,1001.1,7.0,1.0
0.0,7.2,39.0,15.0,1009.4,1.0,0.0
0.0,10.6,39.0,59.0,1010.4,5.0,0.0
0.0,6.840740740740743,19.0,33.0,1022.8,4.415254237288136,0.0
16.2,6.435656542468061,61.0,76.0,1015.6,8.0,1.0
0.4,2.3,33.0,88.0,1010.3,8.0,1.0
2.0,6.435656542468061,48.0,60.0,1011.9,5.2214767276990735,1.0
6.2,4.4,41.801587301587304,63.0,1028.5,7.0,1.0
0.0,0.3,30.0,49.0,1016.8,8.0,0.0
0.0,8.494666666666669,35.0,18.0,1008.7,7.0,0.0
0.0,10.0,37.0,43.0,1019.1,1.0,0.0
16.6,5.0,81.0,70.0,996.1,7.0,1.0
0.0,6.516304347826088,37.0,36.0,1009.8,5.363636363636363,0.0
2.2,6.0,52.0,47.0,1014.0,4.0,1.0
0.0,12.0,44.0,23.0,1015.4,2.0,0.0
9.6,6.435656542468061,28.0,85.0,1009.0,5.2214767276990735,0.0
0.0,6.435656542468061,37.0,62.0,1013.5,5.896551724137931,1.0
0.6,5.8,63.0,62.0,1008.3,5.350877192982456,1.0
0.0,6.435656542468061,31.0,27.0,1013.0,5.2214767276990735,0.0
0.0,6.435656542468061,28.0,31.0,1016.3,6.2214285714285715,0.0
0.0,6.435656542468061,41.0,24.0,1014.1995561049907,5.2214767276990735,0.0
2.2,0.0,26.0,83.0,1018.7,5.350877192982456,1.0
0.4,6.435656542468061,46.0,93.0,1021.9,7.0,0.0
0.0,0.0,91.0,92.0,1008.3,7.0,1.0
0.2,6.435656542468061,44.0,69.0,1014.1995561049907,5.2214767276990735,0.0
0.4,9.0,22.0,51.0,1029.1,1.0,0.0
0.0,6.435656542468061,81.0,91.0,1014.1995561049907,5.2214767276990735,1.0
0.0,7.7,30.0,63.0,1017.9,4.0,0.0
0.0,12.9,48.0,12.0,1003.7,1.0,0.0
0.2,6.5,33.0,68.0,1007.5,3.0,1.0
0.0,6.039393939393942,42.09185887792362,67.8780487804878,1012.9,8.0,1.0
1.4,6.1,39.0,70.0,1000.7,3.0,0.0
2.2,3.0,57.0,92.0,1019.7,7.0,1.0
0.0,9.0,33.0,39.0,1017.7,0.0,0.0
0.0,6.435656542468061,44.0,20.0,1006.8,5.2214767276990735,0.0
0.2,6.435656542468061,28.0,46.0,1014.1995561049907,5.2214767276990735,1.0
0.0,6.435656542468061,42.09185887792362,58.0,1014.1995561049907,0.0,0.0
89.0,6.435656542468061,56.0,81.0,1012.6,5.2214767276990735,1.0
0.0,5.5,59.0,31.0,1011.6,5.0,1.0
0.0,6.435656542468061,31.0,37.0,1014.1,5.2214767276990735,0.0
1.8,6.435656542468061,46.0,63.0,1011.6,6.0,1.0
0.6,7.8,33.0,66.0,1010.5,7.0,0.0
1.8,6.435656542468061,41.0,36.0,997.0,5.2214767276990735,0.0
0.2,6.583333333333333,30.0,59.0,1014.1,8.0,1.0
2.6,6.435656542468061,37.0,39.0,1002.4,6.487179487179487,0.0
3.2,6.435656542468061,13.0,92.0,1006.6,6.487179487179487,1.0
0.0,6.435656542468061,33.0,51.0,1018.3,7.0,1.0
0.2,6.435656542468061,30.0,78.0,1016.8,5.2214767276990735,1.0
0.2,9.5,26.0,58.0,1020.7,5.0,0.0
0.0,6.435656542468061,30.0,72.0,1018.5,5.2214767276990735,1.0
0.0,6.435656542468061,46.0,21.0,1021.4,6.2214285714285715,0.0
3.8,9.6,41.0,49.0,1011.4,4.0,0.0
0.0,6.435656542468061,59.0,74.0,1011.7,5.775510204081633,1.0
2.2,1.9,44.0,72.0,1028.2,6.0,1.0
4.8,9.3,30.0,62.0,1016.2,5.0,0.0
7.0,6.3,35.0,89.0,1026.6,4.0,1.0
4.4,6.435656542468061,46.0,99.0,1020.3,5.2214767276990735,1.0
0.0,6.435656542468061,46.0,51.064516129032256,1012.2,0.0,0.0
0.0,6.840740740740743,28.0,35.0,1024.3,3.0,0.0
0.8,6.397142857142856,63.0,95.0,1006.2,5.2214767276990735,1.0
0.0,0.0,19.0,51.0,1010.7,8.0,0.0
16.8,6.039393939393942,42.09185887792362,66.0,1019.7,6.0,0.0
0.0,11.4,30.0,39.0,1034.5,4.0,0.0
0.0,6.0,31.0,36.0,1011.5,7.0,1.0
0.0,6.435656542468061,30.0,42.0,1018.7,5.2214767276990735,1.0
12.8,6.2,43.0,66.96067415730337,1028.7,5.2214767276990735,1.0
0.0,6.435656542468061,30.0,31.0,1016.4,5.2214767276990735,0.0
0.0,5.8,57.0,73.0,1010.0,6.0,1.0
0.0,11.8,35.0,50.0,1011.5,0.0,0.0
5.782666666666667,6.435656542468061,56.0,97.0,1014.1995561049907,5.2214767276990735,1.0
0.0,9.2,43.0,45.0,1016.2,1.0,1.0
7.2,6.435656542468061,33.0,39.0,1006.5,5.2214767276990735,0.0
0.0,11.4,31.0,35.0,1008.3,0.0,0.0
9.6,6.351677852348996,48.0,75.0,1014.8,8.0,1.0
0.0,6.435656542468061,31.0,37.0,1023.0,5.2214767276990735,0.0
0.0,6.583333333333333,35.0,70.0,1015.3,1.0,0.0
0.0,8.2,35.0,60.0,1024.5,3.0,0.0
0.0,9.9,31.0,41.0,1026.1,1.0,0.0
15.4,7.4,41.0,58.0,1013.4,6.0,0.0
2.8,6.435656542468061,30.0,28.0,1014.1995561049907,5.2214767276990735,0.0
0.0,8.7,28.0,74.0,1006.7,7.0,1.0
0.0,10.3,44.0,38.0,1017.1,7.0,0.0
0.0,6.435656542468061,43.0,50.0,1019.8,1.0,0.0
3.0,6.8,41.0,60.0,1020.3,4.0,1.0
0.0,6.435656542468061,20.0,48.0,1019.2,5.2214767276990735,1.0
0.0,6.435656542468061,43.0,51.064516129032256,1013.9,2.0,0.0
0.6,7.804854368932038,33.0,58.0,1020.5,8.0,0.0
0.2,9.1,17.0,49.0,1019.9,3.0,0.0
20.4,6.435656542468061,41.0,29.0,1014.1995561049907,5.2214767276990735,0.0
0.0,6.435656542468061,48.0,60.0,1025.4,5.2214767276990735,0.0
1.4,6.397142857142856,39.0,58.0,1025.8,5.2214767276990735,1.0
0.0,6.435656542468061,22.0,33.0,1014.1995561049907,5.2214767276990735,0.0
21.4,6.435656542468061,39.0,34.0,1008.2,5.896551724137931,0.0
3.6,0.0,31.0,94.0,1003.6,8.0,1.0
0.0,7.8,26.0,36.0,1022.5,5.0,0.0
7.4,6.435656542468061,35.0,80.0,1021.3,5.2214767276990735,0.0
0.0,6.435656542468061,28.0,50.0,1011.7717391304344,6.487179487179487,0.0
34.4,0.0,37.0,96.0,1013.9,7.0,1.0
0.0,13.2,35.0,37.0,1013.5,5.0,0.0
3.8,0.0,43.0,77.0,1005.4,8.0,1.0
3.2,1.4,31.0,77.0,1022.2,8.0,1.0
0.0,9.1,54.0,58.0,1020.2,3.0,0.0
0.2,10.6,43.0,50.0,1033.6,6.0,0.0
0.2,10.7,48.0,63.0,1009.7,1.0,1.0
0.0,6.435656542468061,30.0,65.0,1011.7717391304344,7.0,0.0
0.0,1.2,52.0,93.0,1011.3,4.0,1.0
0.0,1.2,30.0,89.0,1011.9,7.0,0.0
12.4,6.435656542468061,72.0,83.0,1008.3,5.2214767276990735,1.0
0.0,12.5,37.0,38.0,1009.8,1.0,0.0
0.0,12.3,39.0,9.0,1016.8,0.0,0.0
0.0,6.435656542468061,30.0,55.0,1017.3,5.2214767276990735,1.0
0.0,4.4,33.0,62.0,1010.2,7.0,0.0
0.0,6.791891891891893,42.86861313868613,15.0,1013.8446043165467,5.207207207207207,1.0
0.0,5.22176470588235,61.0,35.0,1005.6,6.5,1.0
0.0,6.435656542468061,31.0,56.0,1018.0,5.2214767276990735,0.0
0.6,6.435656542468061,52.0,57.0,1014.1995561049907,5.2214767276990735,1.0
0.0,7.6,31.0,41.0,1007.3,0.0,0.0
7.4,6.435656542468061,39.0,79.0,1010.0,8.0,1.0
0.0,6.435656542468061,31.0,70.0,1014.1995561049907,5.2214767276990735,0.0
13.2,0.0,24.0,71.0,1013.2,8.0,0.0
0.0,6.435656542468061,57.0,57.0,1007.3,5.2214767276990735,1.0
0.6,6.435656542468061,57.0,88.0,1002.8,5.2214767276990735,1.0
0.0,13.5,24.0,32.0,1021.0,1.0,0.0
0.0,8.597701149425287,41.0,16.0,1020.6,0.0,0.0
2.2,3.2,28.0,69.0,1024.8,5.2214767276990735,0.0
3.0,3.6,59.0,84.0,999.8,8.0,1.0
6.2,6.435656542468061,63.0,97.0,1014.1995561049907,5.2214767276990735,1.0
4.0,6.516304347826088,45.42446043165467,85.0,1025.2,8.0,1.0
0.0,2.0,39.0,44.0,1020.3,7.0,0.0
0.0,6.435656542468061,39.0,51.064516129032256,1005.8,1.0,0.0
0.0,2.4,41.801587301587304,56.0,1010.6,6.0,1.0
6.6,2.0,48.0,70.0,1004.4,8.0,1.0
0.0,13.1,33.0,16.0,1015.0,0.0,0.0
3.8,6.516304347826088,37.0,86.0,1008.8,8.0,1.0
10.0,6.435656542468061,26.0,67.0,1014.3,5.2214767276990735,0.0
0.0,2.3,41.0,72.0,1007.3,7.0,1.0
0.0,0.0,22.0,89.0,1033.9,7.0,0.0
0.0,6.435656542468061,43.0,40.0,1009.6,5.2214767276990735,0.0
2.4,4.3,59.0,72.0,1002.4,8.0,1.0
2.0,10.4,42.09185887792362,56.0,1021.7,7.0,0.0
0.0,6.583333333333333,26.0,24.0,1016.6,7.0,1.0
0.0,9.6,35.0,38.0,1017.6,4.0,0.0
0.0,10.0,44.0,30.0,1020.7,0.0,0.0
0.0,6.435656542468061,30.0,42.0,1018.1,5.896551724137931,0.0
4.8,6.397142857142856,33.0,51.0,1005.2,5.2214767276990735,1.0
38.6,6.435656542468061,46.89473684210526,100.0,1004.8,5.2214767276990735,1.0
12.0,6.435656542468061,69.0,70.0,1012.2,5.2214767276990735,1.0
0.0,9.2,37.0,40.0,1020.6,0.0,0.0
0.0,8.4,39.0,40.0,1015.7,4.0,0.0
0.2,0.0,30.0,92.0,1005.2,7.0,1.0
78.2,6.435656542468061,59.0,97.0,1014.1995561049907,5.2214767276990735,1.0
1.2,6.583333333333333,24.0,92.0,1016.6,8.0,1.0
0.0,9.1,115.0,22.0,1008.9,7.0,0.0
0.0,6.583333333333333,31.0,61.0,1020.7,7.0,0.0
7.2,5.22176470588235,67.0,91.0,1012.0,8.0,1.0
0.0,6.435656542468061,41.0,32.0,1018.6,5.896551724137931,0.0
0.8,6.435656542468061,26.0,88.0,1014.1995561049907,5.2214767276990735,1.0
0.6,8.2,59.0,52.0,1016.4,7.0,1.0
0.0,6.435656542468061,44.0,20.0,1010.7,5.896551724137931,0.0
4.931843575418994,6.435656542468061,41.0,61.0,1007.4,5.2214767276990735,1.0
2.2,6.435656542468061,26.0,41.0,1021.2,5.2214767276990735,0.0
2.0,4.1,33.0,93.0,1020.2,5.2214767276990735,1.0
4.0,6.435656542468061,44.0,74.0,1016.4,8.0,1.0
0.0,5.0,76.0,72.0,1005.0,7.0,1.0
12.4,6.435656542468061,50.0,40.0,1008.8,4.0,1.0
9.2,6.435656542468061,54.0,75.0,1001.1,8.0,1.0
1.0,6.791891891891893,44.0,36.0,1008.4,1.0,1.0
0.0,10.0,37.0,61.0,1021.0,1.0,1.0
3.6,6.583333333333333,31.0,58.0,1009.1,8.0,0.0
0.0,0.2,44.28125,94.0,1010.3,8.0,1.0
0.0,6.435656542468061,41.0,12.0,1016.0,5.775510204081633,0.0
0.0,5.988888888888888,37.0,52.0,1009.5,6.0,1.0
33.2,6.435656542468061,59.0,66.0,1021.9,5.2214767276990735,1.0
8.6,6.435656542468061,65.0,66.0,1003.2,5.2214767276990735,1.0
18.2,7.0,48.0,69.0,1010.8,5.350877192982456,0.0
0.0,5.844871794871797,43.0,79.0,1010.7,8.0,0.0
0.0,6.435656542468061,35.0,69.0,1016.5,6.408163265306122,1.0
7.6,6.435656542468061,13.0,79.0,1014.1995561049907,5.2214767276990735,0.0
5.157961783439491,6.435656542468061,35.0,52.0,1013.9,5.2214767276990735,0.0
0.0,10.2,33.0,55.0,1013.1,4.0,1.0
2.0,8.4,24.0,54.0,1020.2,1.0,0.0
0.2,6.435656542468061,42.09185887792362,37.0,1014.1995561049907,3.0,0.0
0.4,5.1,46.0,40.0,1009.5,4.0,1.0
0.6,0.3,44.0,71.0,1014.4,8.0,1.0
0.0,6.435656542468061,37.0,34.0,1014.5,7.0,0.0
0.0,4.4,19.0,57.0,1023.1,5.0,0.0
9.0,10.7,43.42941176470588,60.0,1006.3,6.0,1.0
0.0,12.2,26.0,63.0,1012.0,2.0,0.0
0.0,6.435656542468061,50.0,42.0,1005.4,3.0,1.0
15.6,8.4,80.0,51.0,1019.6,5.0,1.0
0.2,13.0,50.0,16.0,1009.8,1.0,0.0
0.8,0.1,63.0,60.0,1001.5,8.0,1.0
1.5,5.2,42.09185887792362,75.0,1021.4,5.0,1.0
9.4,5.721176470588235,35.0,60.0,1023.1,7.0,0.0
12.6,0.0,52.0,87.0,1022.7,8.0,1.0
1.4,4.6,59.0,37.0,995.6,7.0,1.0
2.2,12.6,46.0,26.0,1016.1,2.0,0.0
0.0,11.4,41.0,27.0,1007.5,5.350877192982456,0.0
4.519130434782608,5.988888888888888,39.0,50.0,1019.1,5.3304347826086955,1.0
0.0,8.2,43.0,17.0,1010.6,4.0,0.0
0.0,6.435656542468061,46.0,64.0,1019.0,6.408163265306122,0.0
0.8,3.7,74.0,49.0,994.1,6.0,1.0
3.8,6.435656542468061,65.0,66.0,1004.7,8.0,1.0
0.0,7.2,20.0,53.0,1021.3,1.0,0.0
0.0,11.4,41.0,39.0,1011.2,1.0,1.0
0.2,6.435656542468061,52.0,48.0,1006.1,6.487179487179487,0.0
0.2,9.4,11.0,60.0,1029.0,1.0,0.0
0.0,11.0,48.0,15.0,1011.8,1.0,0.0
0.2,2.4,22.0,61.0,1016.0,7.0,1.0
0.0,12.5,30.0,14.0,1009.8,0.0,0.0
2.4,13.7,43.0,35.0,1023.2,3.0,0.0
6.2,0.5,41.0,92.0,1003.4,8.0,1.0
6.2,6.435656542468061,44.0,94.0,1014.1995561049907,5.2214767276990735,1.0
2.4,1.1,42.09185887792362,73.0,1028.7,6.0,1.0
0.0,6.435656542468061,33.0,28.0,1010.7,5.2214767276990735,0.0
13.8,1.0,54.0,87.0,1015.1,8.0,1.0
0.0,13.4,28.0,14.0,1017.1,0.0,0.0
15.4,5.5,74.0,79.0,1018.5,5.2214767276990735,1.0
5.2,5.844871794871797,57.0,71.0,1005.1,2.0,1.0
7.2,6.7,52.0,78.0,1017.7,7.0,1.0
7.6,2.2,59.0,71.0,1006.2,5.350877192982456,1.0
0.0,6.435656542468061,39.0,22.0,1006.6,7.12987012987013,1.0
0.0,6.435656542468061,65.0,37.0,1008.8,7.0,1.0
0.6,6.435656542468061,56.0,51.0,1020.7,2.0,0.0
1.2,6.4,30.0,54.0,1016.1,7.0,0.0
0.0,6.435656542468061,46.0,24.0,1019.6,7.0,0.0
78.8,0.0,63.0,74.0,1005.8,8.0,1.0
0.0,6.435656542468061,33.0,86.0,1008.4,5.2214767276990735,1.0
0.0,6.435656542468061,30.0,62.0,1020.9,6.487179487179487,0.0
0.0,10.6,48.0,70.0,1011.3,3.0,0.0
0.0,7.6,30.0,44.0,1010.3,6.5,1.0
0.0,11.6,52.0,11.0,1008.0,7.0,0.0
0.0,6.435656542468061,41.0,27.0,1012.1,5.775510204081633,0.0
2.8,10.5,31.0,58.0,1008.5,4.0,1.0
0.0,10.2,31.0,42.0,1011.7,1.0,0.0
3.6,4.2,72.0,55.0,999.9,8.0,1.0
12.2,6.435656542468061,57.0,78.0,1029.1,5.2214767276990735,1.0
0.6,6.435656542468061,70.0,63.0,1023.2,5.2214767276990735,1.0
0.4,6.397142857142856,26.0,53.0,1019.8,5.2214767276990735,0.0
0.0,6.435656542468061,33.0,43.0,1011.7717391304344,1.0,1.0
0.6,0.0,22.0,89.0,1018.2,8.0,1.0
48.8,3.1,50.0,84.0,1013.9,7.0,1.0
0.0,6.4,78.0,54.0,1021.0,7.0,1.0
0.0,6.435656542468061,30.0,43.0,1021.5,6.487179487179487,0.0
0.0,6.435656542468061,33.0,79.0,1019.1,7.0,1.0
55.0,4.4,30.0,79.0,1016.6,7.0,1.0
0.0,7.2,41.801587301587304,66.0,1018.4,6.0,0.0
0.0,5.721176470588235,39.774193548387096,61.0,1016.4743589743591,5.5,1.0
0.4,5.4,20.0,66.0,1024.2,8.0,0.0
12.2,6.7,42.09185887792362,65.0,1013.7,5.0,0.0
1.0,3.0,54.0,52.0,1006.2,7.0,0.0
0.0,3.9,98.0,39.0,992.4,7.0,1.0
0.8,6.435656542468061,83.0,45.0,1014.1995561049907,5.2214767276990735,0.0
1.2,1.8,57.0,91.0,1005.5,7.0,1.0
7.8,7.5,52.0,49.0,1016.2,7.0,0.0
2.6,6.435656542468061,59.0,66.0,1011.7717391304344,8.0,1.0
0.0,4.8,46.0,60.0,1011.8,7.0,1.0
0.0,6.435656542468061,74.0,42.0,1007.8,8.0,1.0
4.8,6.791891891891893,35.0,97.0,1007.7,8.0,1.0
0.2,3.0,30.0,68.0,1020.4,5.0,0.0
0.2,0.1,56.0,74.0,996.4,8.0,1.0
6.2,3.2,44.0,85.0,1010.4,6.0,1.0
9.4,6.435656542468061,43.0,62.229729729729726,1018.3,5.2214767276990735,0.0
0.4,7.1,39.0,53.0,1018.5,7.0,0.0
3.4,6.435656542468061,50.0,62.229729729729726,1012.4,5.2214767276990735,1.0
0.0,6.435656542468061,24.0,74.0,1024.2,6.408163265306122,0.0
0.0,6.435656542468061,24.0,64.0,1014.1995561049907,5.2214767276990735,1.0
0.0,6.583333333333333,19.0,39.0,1018.6,1.0,0.0
0.0,0.4,37.0,59.0,1010.0,7.0,1.0
8.8,6.435656542468061,42.09185887792362,63.0,1014.1995561049907,6.0,1.0
1.2,6.435656542468061,67.0,81.0,1015.4,5.2214767276990735,1.0
0.0,9.1,41.801587301587304,57.0,1010.6,5.0,1.0
0.0,0.4,48.36231884057971,90.0,1024.3,7.0,1.0
0.0,8.494666666666669,28.0,16.0,1013.8,0.0,1.0
0.0,6.435656542468061,69.0,18.0,1006.7,6.2214285714285715,1.0
0.0,6.435656542468061,54.0,37.0,1007.9,5.2214767276990735,1.0
4.0,6.397142857142856,33.0,56.0,1011.1,5.2214767276990735,0.0
0.0,5.988888888888888,20.0,40.0,1019.3,5.3304347826086955,0.0
0.0,0.0,30.0,75.0,1029.6,7.0,1.0
0.6,0.1,45.7787610619469,90.0,1010.6,8.0,1.0
0.0,3.5,42.09185887792362,55.0,1013.6,7.0,1.0
0.2,3.5,28.0,65.0,1009.4,8.0,1.0
0.0,6.2,61.0,60.0,1011.9,3.0,1.0
2.8,6.435656542468061,42.09185887792362,72.0,1014.1995561049907,7.0,1.0
1.0,7.9,56.0,37.0,1013.4,4.0,0.0
0.0,8.597701149425287,37.0,19.0,1008.5,1.0,0.0
